Date,Open,High,Low,Close,volume
2025-03-29 21:50:00+08:00,0.002037,0.002044,0.002037,0.002042,1
2025-03-29 21:55:00+08:00,0.002041,0.002042,0.002039,0.002042,1
2025-03-29 22:00:00+08:00,0.002041,0.002041,0.002029,0.002032,1
2025-03-29 22:05:00+08:00,0.002031,0.002032,0.002019,0.00202,1
2025-03-29 22:10:00+08:00,0.00202,0.00202,0.002013,0.002015,1
2025-03-29 22:15:00+08:00,0.002015,0.002018,0.002011,0.002011,1
2025-03-29 22:20:00+08:00,0.002011,0.002011,0.002001,0.002001,1
2025-03-29 22:25:00+08:00,0.002001,0.002007,0.001997,0.002007,1
2025-03-29 22:30:00+08:00,0.002007,0.00201,0.002005,0.00201,1
2025-03-29 22:35:00+08:00,0.002009,0.002012,0.002009,0.002012,1
2025-03-29 22:40:00+08:00,0.002012,0.002014,0.002011,0.002012,1
2025-03-29 22:45:00+08:00,0.002012,0.002012,0.001995,0.001995,1
2025-03-29 22:50:00+08:00,0.001996,0.002006,0.001994,0.002004,1
2025-03-29 22:55:00+08:00,0.002003,0.002006,0.002002,0.002003,1
2025-03-29 23:00:00+08:00,0.002003,0.00201,0.002001,0.002009,1
2025-03-29 23:05:00+08:00,0.002009,0.00201,0.002006,0.002008,1
2025-03-29 23:10:00+08:00,0.002009,0.002011,0.002008,0.00201,1
2025-03-29 23:15:00+08:00,0.00201,0.002016,0.002008,0.002013,1
2025-03-29 23:20:00+08:00,0.002013,0.002013,0.002001,0.002001,1
2025-03-29 23:25:00+08:00,0.002002,0.002002,0.001993,0.002001,1
2025-03-29 23:30:00+08:00,0.002001,0.002004,0.001997,0.002002,1
2025-03-29 23:35:00+08:00,0.002001,0.002001,0.001996,0.001998,1
2025-03-29 23:40:00+08:00,0.001998,0.001998,0.00198,0.00198,1
2025-03-29 23:45:00+08:00,0.00198,0.001993,0.00198,0.001992,1
2025-03-29 23:50:00+08:00,0.001993,0.001994,0.001992,0.001994,1
2025-03-29 23:55:00+08:00,0.001994,0.001994,0.001991,0.001994,1
2025-03-30 00:00:00+08:00,0.001994,0.001996,0.001991,0.001993,1
2025-03-30 00:05:00+08:00,0.001994,0.001994,0.001978,0.001985,1
2025-03-30 00:10:00+08:00,0.001985,0.001994,0.001985,0.001992,1
2025-03-30 00:15:00+08:00,0.001991,0.001991,0.001975,0.001977,1
2025-03-30 00:20:00+08:00,0.001976,0.001976,0.001971,0.001974,1
2025-03-30 00:25:00+08:00,0.001974,0.001975,0.001969,0.001973,1
2025-03-30 00:30:00+08:00,0.001973,0.001983,0.001972,0.001983,1
2025-03-30 00:35:00+08:00,0.001983,0.001985,0.001982,0.001983,1
2025-03-30 00:40:00+08:00,0.001983,0.001983,0.001972,0.001973,1
2025-03-30 00:45:00+08:00,0.001973,0.001976,0.001959,0.001964,1
2025-03-30 00:50:00+08:00,0.001964,0.001964,0.001953,0.001954,1
2025-03-30 00:55:00+08:00,0.001954,0.001955,0.001939,0.001944,1
2025-03-30 01:00:00+08:00,0.001943,0.001958,0.001942,0.001957,1
2025-03-30 01:05:00+08:00,0.00196,0.001962,0.001953,0.001955,1
2025-03-30 01:10:00+08:00,0.001956,0.001956,0.001947,0.001952,1
2025-03-30 01:15:00+08:00,0.001951,0.001951,0.001931,0.001942,1
2025-03-30 01:20:00+08:00,0.001942,0.001942,0.001924,0.001935,1
2025-03-30 01:25:00+08:00,0.001935,0.001958,0.001934,0.001957,1
2025-03-30 01:30:00+08:00,0.001956,0.001979,0.001956,0.001979,1
2025-03-30 01:35:00+08:00,0.001978,0.001978,0.001958,0.00196,1
2025-03-30 01:40:00+08:00,0.001961,0.001963,0.001938,0.001938,1
2025-03-30 01:45:00+08:00,0.001939,0.001953,0.001939,0.001952,1
2025-03-30 01:50:00+08:00,0.001951,0.001951,0.001936,0.001937,1
2025-03-30 01:55:00+08:00,0.001938,0.00195,0.001937,0.00195,1
2025-03-30 02:00:00+08:00,0.00195,0.001958,0.001946,0.00195,1
2025-03-30 02:05:00+08:00,0.00195,0.001967,0.001944,0.001965,1
2025-03-30 02:10:00+08:00,0.001965,0.001968,0.001961,0.001965,1
2025-03-30 02:15:00+08:00,0.001965,0.001967,0.001959,0.001965,1
2025-03-30 02:20:00+08:00,0.001965,0.001968,0.00196,0.001961,1
2025-03-30 02:25:00+08:00,0.00196,0.00196,0.001955,0.00196,1
2025-03-30 02:30:00+08:00,0.00196,0.001969,0.00196,0.001965,1
2025-03-30 02:35:00+08:00,0.001965,0.001976,0.001965,0.001972,1
2025-03-30 02:40:00+08:00,0.001972,0.001976,0.001972,0.001975,1
2025-03-30 02:45:00+08:00,0.001975,0.001976,0.001971,0.001973,1
2025-03-30 02:50:00+08:00,0.001973,0.001975,0.001963,0.001963,1
2025-03-30 02:55:00+08:00,0.001963,0.001963,0.001954,0.001956,1
2025-03-30 03:00:00+08:00,0.001956,0.001961,0.001955,0.001957,1
2025-03-30 03:05:00+08:00,0.001958,0.001963,0.001956,0.001957,1
2025-03-30 03:10:00+08:00,0.001956,0.001956,0.001948,0.001952,1
2025-03-30 03:15:00+08:00,0.001952,0.001954,0.001944,0.001954,1
2025-03-30 03:20:00+08:00,0.001954,0.001955,0.001948,0.001953,1
2025-03-30 03:25:00+08:00,0.001953,0.001953,0.001952,0.001952,1
2025-03-30 03:30:00+08:00,0.001952,0.001954,0.001947,0.00195,1
2025-03-30 03:35:00+08:00,0.00195,0.001953,0.001945,0.001951,1
2025-03-30 03:40:00+08:00,0.001952,0.001963,0.001952,0.001961,1
2025-03-30 03:45:00+08:00,0.001961,0.001966,0.00196,0.001961,1
2025-03-30 03:50:00+08:00,0.001961,0.001968,0.001961,0.001967,1
2025-03-30 03:55:00+08:00,0.001968,0.001974,0.001967,0.001974,1
2025-03-30 04:00:00+08:00,0.001974,0.001977,0.001961,0.001962,1
2025-03-30 04:05:00+08:00,0.001962,0.001962,0.001952,0.001955,1
2025-03-30 04:10:00+08:00,0.001955,0.001957,0.001951,0.001951,1
2025-03-30 04:15:00+08:00,0.001951,0.001954,0.00195,0.001954,1
2025-03-30 04:20:00+08:00,0.001954,0.001964,0.001954,0.001963,1
2025-03-30 04:25:00+08:00,0.001964,0.001965,0.001962,0.001965,1
2025-03-30 04:30:00+08:00,0.001964,0.001967,0.001961,0.001964,1
2025-03-30 04:35:00+08:00,0.001964,0.001972,0.001963,0.001967,1
2025-03-30 04:40:00+08:00,0.001967,0.001968,0.001958,0.001959,1
2025-03-30 04:45:00+08:00,0.001958,0.00196,0.001946,0.001948,1
2025-03-30 04:50:00+08:00,0.001949,0.00195,0.001946,0.001947,1
2025-03-30 04:55:00+08:00,0.001947,0.001949,0.001946,0.001949,1
2025-03-30 05:00:00+08:00,0.001948,0.001954,0.001947,0.001947,1
2025-03-30 05:05:00+08:00,0.001947,0.001957,0.001947,0.001957,1
2025-03-30 05:10:00+08:00,0.001957,0.001968,0.001957,0.001968,1
2025-03-30 05:15:00+08:00,0.001969,0.001969,0.001966,0.001969,1
2025-03-30 05:20:00+08:00,0.001969,0.001975,0.001969,0.001972,1
2025-03-30 05:25:00+08:00,0.001972,0.001972,0.001962,0.001964,1
2025-03-30 05:30:00+08:00,0.001963,0.001963,0.001953,0.001955,1
2025-03-30 05:35:00+08:00,0.001958,0.001966,0.001957,0.001964,1
2025-03-30 05:40:00+08:00,0.001965,0.001967,0.001962,0.001963,1
2025-03-30 05:45:00+08:00,0.001963,0.001964,0.001963,0.001963,1
2025-03-30 05:50:00+08:00,0.001963,0.001964,0.001962,0.001964,1
2025-03-30 05:55:00+08:00,0.001964,0.001969,0.001964,0.001965,1
2025-03-30 06:00:00+08:00,0.001966,0.00197,0.001965,0.001965,1
2025-03-30 06:05:00+08:00,0.001965,0.00197,0.001963,0.001967,1
2025-03-30 06:10:00+08:00,0.001967,0.001976,0.001966,0.001974,1
2025-03-30 06:15:00+08:00,0.001975,0.001976,0.00197,0.001971,1
2025-03-30 06:20:00+08:00,0.001971,0.001973,0.001965,0.001971,1
2025-03-30 06:25:00+08:00,0.001971,0.001971,0.001968,0.001969,1
2025-03-30 06:30:00+08:00,0.001969,0.001974,0.001969,0.001974,1
2025-03-30 06:35:00+08:00,0.001974,0.001977,0.001974,0.001975,1
2025-03-30 06:40:00+08:00,0.001975,0.001975,0.001965,0.001965,1
2025-03-30 06:45:00+08:00,0.001965,0.001968,0.00196,0.001963,1
2025-03-30 06:50:00+08:00,0.001963,0.001965,0.001959,0.001965,1
2025-03-30 06:55:00+08:00,0.001965,0.00197,0.001965,0.001968,1
2025-03-30 07:00:00+08:00,0.001969,0.00197,0.001964,0.001964,1
2025-03-30 07:05:00+08:00,0.001964,0.001978,0.001963,0.001976,1
2025-03-30 07:10:00+08:00,0.001976,0.001977,0.001974,0.001974,1
2025-03-30 07:15:00+08:00,0.001974,0.001975,0.00197,0.001971,1
2025-03-30 07:20:00+08:00,0.00197,0.00197,0.001966,0.001968,1
2025-03-30 07:25:00+08:00,0.001969,0.001972,0.001969,0.001971,1
2025-03-30 07:30:00+08:00,0.001971,0.001972,0.001968,0.001968,1
2025-03-30 07:35:00+08:00,0.001968,0.001976,0.001968,0.001976,1
2025-03-30 07:40:00+08:00,0.001976,0.001988,0.001976,0.001987,1
2025-03-30 07:45:00+08:00,0.001987,0.001997,0.001987,0.001994,1
2025-03-30 07:50:00+08:00,0.001994,0.001997,0.001991,0.001997,1
2025-03-30 07:55:00+08:00,0.001997,0.001998,0.001992,0.001992,1
2025-03-30 08:00:00+08:00,0.001992,0.001996,0.001989,0.001996,1
2025-03-30 08:05:00+08:00,0.001996,0.002,0.001991,0.001998,1
2025-03-30 08:10:00+08:00,0.001998,0.002,0.001993,0.001999,1
2025-03-30 08:15:00+08:00,0.001999,0.002002,0.001991,0.001994,1
2025-03-30 08:20:00+08:00,0.001994,0.002001,0.001994,0.001994,1
2025-03-30 08:25:00+08:00,0.001993,0.001995,0.001985,0.001987,1
2025-03-30 08:30:00+08:00,0.001987,0.001988,0.001978,0.001983,1
2025-03-30 08:35:00+08:00,0.001983,0.001983,0.001971,0.001971,1
2025-03-30 08:40:00+08:00,0.001971,0.001979,0.001971,0.001979,1
2025-03-30 08:45:00+08:00,0.00198,0.001997,0.00198,0.001997,1
2025-03-30 08:50:00+08:00,0.001998,0.002004,0.001997,0.002004,1
2025-03-30 08:55:00+08:00,0.002005,0.002005,0.001995,0.002,1
2025-03-30 09:00:00+08:00,0.001999,0.002025,0.001999,0.002021,1
2025-03-30 09:05:00+08:00,0.002021,0.002029,0.002019,0.002029,1
2025-03-30 09:10:00+08:00,0.00203,0.00203,0.002022,0.002028,1
2025-03-30 09:15:00+08:00,0.00203,0.00203,0.002018,0.002023,1
2025-03-30 09:20:00+08:00,0.002023,0.002024,0.002019,0.002019,1
2025-03-30 09:25:00+08:00,0.002019,0.002023,0.002017,0.002018,1
2025-03-30 09:30:00+08:00,0.002017,0.002024,0.002016,0.002018,1
2025-03-30 09:35:00+08:00,0.002019,0.002025,0.002018,0.002021,1
2025-03-30 09:40:00+08:00,0.002021,0.002022,0.002003,0.002004,1
2025-03-30 09:45:00+08:00,0.002003,0.002012,0.002002,0.002005,1
2025-03-30 09:50:00+08:00,0.002005,0.002009,0.002004,0.002008,1
2025-03-30 09:55:00+08:00,0.002008,0.002008,0.002005,0.002006,1
2025-03-30 10:00:00+08:00,0.002006,0.002014,0.002006,0.002013,1
2025-03-30 10:05:00+08:00,0.002013,0.002026,0.002011,0.002026,1
2025-03-30 10:10:00+08:00,0.002026,0.002027,0.002018,0.002018,1
2025-03-30 10:15:00+08:00,0.002018,0.002018,0.002014,0.002015,1
2025-03-30 10:20:00+08:00,0.002015,0.002019,0.002015,0.002018,1
2025-03-30 10:25:00+08:00,0.002018,0.002018,0.002011,0.002012,1
2025-03-30 10:30:00+08:00,0.002012,0.002017,0.002006,0.002017,1
2025-03-30 10:35:00+08:00,0.002018,0.002023,0.002016,0.002023,1
2025-03-30 10:40:00+08:00,0.002022,0.002027,0.002022,0.002024,1
2025-03-30 10:45:00+08:00,0.002023,0.002025,0.002018,0.002018,1
2025-03-30 10:50:00+08:00,0.002017,0.002023,0.002013,0.002021,1
2025-03-30 10:55:00+08:00,0.002021,0.002021,0.002016,0.002016,1
2025-03-30 11:00:00+08:00,0.002017,0.002018,0.002013,0.002015,1
2025-03-30 11:05:00+08:00,0.002015,0.00202,0.00201,0.002019,1
2025-03-30 11:10:00+08:00,0.002019,0.002019,0.00201,0.002011,1
2025-03-30 11:15:00+08:00,0.002011,0.002017,0.002011,0.002014,1
2025-03-30 11:20:00+08:00,0.002015,0.002029,0.002015,0.002019,1
2025-03-30 11:25:00+08:00,0.00202,0.002025,0.00202,0.002021,1
2025-03-30 11:30:00+08:00,0.002022,0.002022,0.002017,0.002017,1
2025-03-30 11:35:00+08:00,0.002017,0.002017,0.002013,0.002013,1
2025-03-30 11:40:00+08:00,0.002013,0.002013,0.00201,0.002012,1
2025-03-30 11:45:00+08:00,0.002011,0.002013,0.002009,0.00201,1
2025-03-30 11:50:00+08:00,0.00201,0.002012,0.002004,0.002004,1
2025-03-30 11:55:00+08:00,0.002004,0.002004,0.001999,0.002003,1
2025-03-30 12:00:00+08:00,0.002003,0.00201,0.002003,0.00201,1
2025-03-30 12:05:00+08:00,0.002011,0.002017,0.00201,0.002017,1
2025-03-30 12:10:00+08:00,0.002017,0.002017,0.002015,0.002016,1
2025-03-30 12:15:00+08:00,0.002016,0.002019,0.002012,0.002015,1
2025-03-30 12:20:00+08:00,0.002014,0.002015,0.00201,0.002012,1
2025-03-30 12:25:00+08:00,0.002012,0.002014,0.002011,0.002014,1
2025-03-30 12:30:00+08:00,0.002014,0.002014,0.00201,0.002011,1
2025-03-30 12:35:00+08:00,0.002011,0.002018,0.002011,0.002017,1
2025-03-30 12:40:00+08:00,0.002017,0.002018,0.002015,0.002016,1
2025-03-30 12:45:00+08:00,0.002016,0.00203,0.002015,0.00203,1
2025-03-30 12:50:00+08:00,0.002029,0.00203,0.002023,0.002024,1
2025-03-30 12:55:00+08:00,0.002024,0.002024,0.002015,0.002016,1
2025-03-30 13:00:00+08:00,0.002016,0.002023,0.002016,0.002022,1
2025-03-30 13:05:00+08:00,0.002022,0.002026,0.002017,0.002026,1
2025-03-30 13:10:00+08:00,0.002025,0.002026,0.002022,0.002026,1
2025-03-30 13:15:00+08:00,0.002025,0.002025,0.002017,0.002018,1
2025-03-30 13:20:00+08:00,0.002018,0.002027,0.002018,0.002027,1
2025-03-30 13:25:00+08:00,0.002027,0.002027,0.002024,0.002026,1
2025-03-30 13:30:00+08:00,0.002026,0.002027,0.002022,0.002022,1
2025-03-30 13:35:00+08:00,0.002022,0.002024,0.002017,0.002024,1
2025-03-30 13:40:00+08:00,0.002023,0.002023,0.002018,0.002019,1
2025-03-30 13:45:00+08:00,0.002018,0.002018,0.00201,0.002011,1
2025-03-30 13:50:00+08:00,0.002011,0.002011,0.002009,0.002009,1
2025-03-30 13:55:00+08:00,0.002009,0.00201,0.002006,0.00201,1
2025-03-30 14:00:00+08:00,0.00201,0.00201,0.001999,0.001999,1
2025-03-30 14:05:00+08:00,0.002,0.002005,0.001999,0.002005,1
2025-03-30 14:10:00+08:00,0.002005,0.002005,0.001999,0.002004,1
2025-03-30 14:15:00+08:00,0.002004,0.002004,0.001995,0.001996,1
2025-03-30 14:20:00+08:00,0.001997,0.001997,0.001995,0.001997,1
2025-03-30 14:25:00+08:00,0.001997,0.001998,0.001996,0.001997,1
2025-03-30 14:30:00+08:00,0.001997,0.001998,0.001993,0.001994,1
2025-03-30 14:35:00+08:00,0.001994,0.001999,0.001991,0.001999,1
2025-03-30 14:40:00+08:00,0.001999,0.002008,0.001999,0.002007,1
2025-03-30 14:45:00+08:00,0.002007,0.002018,0.002007,0.002014,1
2025-03-30 14:50:00+08:00,0.002014,0.002014,0.002004,0.002005,1
2025-03-30 14:55:00+08:00,0.002005,0.002008,0.002002,0.002007,1
2025-03-30 15:00:00+08:00,0.002007,0.002007,0.001998,0.002004,1
2025-03-30 15:05:00+08:00,0.002004,0.002006,0.001999,0.002006,1
2025-03-30 15:10:00+08:00,0.002006,0.002011,0.002005,0.002011,1
2025-03-30 15:15:00+08:00,0.002011,0.002012,0.002008,0.002009,1
2025-03-30 15:20:00+08:00,0.00201,0.002011,0.002008,0.00201,1
2025-03-30 15:25:00+08:00,0.00201,0.002012,0.002007,0.002009,1
2025-03-30 15:30:00+08:00,0.002008,0.002008,0.002005,0.002005,1
2025-03-30 15:35:00+08:00,0.002005,0.002007,0.002005,0.002007,1
2025-03-30 15:40:00+08:00,0.002007,0.002007,0.002,0.002001,1
2025-03-30 15:45:00+08:00,0.002001,0.002002,0.001999,0.002001,1
2025-03-30 15:50:00+08:00,0.002,0.002002,0.002,0.002001,1
2025-03-30 15:55:00+08:00,0.002001,0.002005,0.002,0.002004,1
2025-03-30 16:00:00+08:00,0.002003,0.002008,0.002003,0.002007,1
2025-03-30 16:05:00+08:00,0.002007,0.00201,0.002006,0.00201,1
2025-03-30 16:10:00+08:00,0.002009,0.002013,0.002006,0.002013,1
2025-03-30 16:15:00+08:00,0.002013,0.002019,0.002013,0.002019,1
2025-03-30 16:20:00+08:00,0.002019,0.002019,0.002015,0.002017,1
2025-03-30 16:25:00+08:00,0.002017,0.002018,0.002017,0.002018,1
2025-03-30 16:30:00+08:00,0.002017,0.002021,0.002015,0.00202,1
2025-03-30 16:35:00+08:00,0.00202,0.002021,0.002015,0.002015,1
2025-03-30 16:40:00+08:00,0.002015,0.002018,0.002013,0.002013,1
2025-03-30 16:45:00+08:00,0.002013,0.002015,0.002011,0.002015,1
2025-03-30 16:50:00+08:00,0.002016,0.002021,0.002016,0.00202,1
2025-03-30 16:55:00+08:00,0.00202,0.002025,0.00202,0.002025,1
2025-03-30 17:00:00+08:00,0.002025,0.002028,0.002023,0.002025,1
2025-03-30 17:05:00+08:00,0.002024,0.002024,0.002017,0.00202,1
2025-03-30 17:10:00+08:00,0.00202,0.002021,0.002017,0.002019,1
2025-03-30 17:15:00+08:00,0.002019,0.002022,0.002017,0.002019,1
2025-03-30 17:20:00+08:00,0.002019,0.002022,0.002019,0.00202,1
2025-03-30 17:25:00+08:00,0.002019,0.002023,0.002019,0.002022,1
2025-03-30 17:30:00+08:00,0.002022,0.002028,0.002022,0.002026,1
2025-03-30 17:35:00+08:00,0.002027,0.002027,0.002023,0.002026,1
2025-03-30 17:40:00+08:00,0.002026,0.002026,0.002021,0.002021,1
2025-03-30 17:45:00+08:00,0.002021,0.002023,0.00202,0.002021,1
2025-03-30 17:50:00+08:00,0.002021,0.002021,0.002018,0.00202,1
2025-03-30 17:55:00+08:00,0.00202,0.002023,0.002019,0.002023,1
2025-03-30 18:00:00+08:00,0.002023,0.002027,0.002019,0.002027,1
2025-03-30 18:05:00+08:00,0.002026,0.00203,0.002026,0.00203,1
2025-03-30 18:10:00+08:00,0.00203,0.002031,0.002027,0.002029,1
2025-03-30 18:15:00+08:00,0.002029,0.002029,0.002016,0.002016,1
2025-03-30 18:20:00+08:00,0.002015,0.002016,0.002004,0.002006,1
2025-03-30 18:25:00+08:00,0.002006,0.002008,0.002006,0.002006,1
2025-03-30 18:30:00+08:00,0.002006,0.002006,0.001999,0.001999,1
2025-03-30 18:35:00+08:00,0.001999,0.001999,0.001993,0.001994,1
2025-03-30 18:40:00+08:00,0.001995,0.001998,0.001994,0.001994,1
2025-03-30 18:45:00+08:00,0.001994,0.002001,0.001992,0.002,1
2025-03-30 18:50:00+08:00,0.002001,0.002008,0.002001,0.002007,1
2025-03-30 18:55:00+08:00,0.002008,0.002008,0.001998,0.001998,1
2025-03-30 19:00:00+08:00,0.001998,0.002001,0.001998,0.001998,1
2025-03-30 19:05:00+08:00,0.001998,0.002007,0.001998,0.002007,1
2025-03-30 19:10:00+08:00,0.002007,0.002014,0.002007,0.002014,1
2025-03-30 19:15:00+08:00,0.002014,0.002021,0.002014,0.002018,1
2025-03-30 19:20:00+08:00,0.002018,0.002018,0.002007,0.002007,1
2025-03-30 19:25:00+08:00,0.002007,0.002007,0.001998,0.002004,1
2025-03-30 19:30:00+08:00,0.002004,0.002011,0.001999,0.001999,1
2025-03-30 19:35:00+08:00,0.002,0.002001,0.001996,0.001998,1
2025-03-30 19:40:00+08:00,0.001998,0.002003,0.001996,0.002002,1
2025-03-30 19:45:00+08:00,0.002002,0.002009,0.002001,0.002008,1
2025-03-30 19:50:00+08:00,0.002009,0.00201,0.002005,0.002008,1
2025-03-30 19:55:00+08:00,0.002008,0.002008,0.002006,0.002006,1
2025-03-30 20:00:00+08:00,0.002006,0.002007,0.001999,0.001999,1
2025-03-30 20:05:00+08:00,0.001999,0.002,0.001998,0.001998,1
2025-03-30 20:10:00+08:00,0.001998,0.002003,0.001998,0.002003,1
2025-03-30 20:15:00+08:00,0.002003,0.002006,0.002002,0.002006,1
2025-03-30 20:20:00+08:00,0.002006,0.002007,0.002001,0.002002,1
2025-03-30 20:25:00+08:00,0.002002,0.002015,0.002002,0.002015,1
2025-03-30 20:30:00+08:00,0.002015,0.002017,0.002009,0.00201,1
2025-03-30 20:35:00+08:00,0.00201,0.00201,0.002006,0.002008,1
2025-03-30 20:40:00+08:00,0.002008,0.002011,0.002008,0.002009,1
2025-03-30 20:45:00+08:00,0.002008,0.002009,0.002001,0.002002,1
2025-03-30 20:50:00+08:00,0.002002,0.002007,0.002002,0.002006,1
2025-03-30 20:55:00+08:00,0.002006,0.002007,0.002004,0.002005,1
2025-03-30 21:00:00+08:00,0.002005,0.002007,0.002,0.002003,1
2025-03-30 21:05:00+08:00,0.002003,0.002003,0.001997,0.001999,1
2025-03-30 21:10:00+08:00,0.001999,0.002,0.001997,0.001998,1
2025-03-30 21:15:00+08:00,0.001998,0.002008,0.001998,0.002008,1
2025-03-30 21:20:00+08:00,0.002008,0.002008,0.001997,0.001998,1
2025-03-30 21:25:00+08:00,0.001997,0.001997,0.001987,0.001988,1
2025-03-30 21:30:00+08:00,0.001988,0.001989,0.001961,0.001972,1
2025-03-30 21:35:00+08:00,0.001977,0.001984,0.001977,0.001978,1
2025-03-30 21:40:00+08:00,0.001979,0.00199,0.001978,0.00199,1
2025-03-30 21:45:00+08:00,0.00199,0.00199,0.001982,0.001984,1
2025-03-30 21:50:00+08:00,0.001985,0.001985,0.001976,0.001977,1
2025-03-30 21:55:00+08:00,0.001977,0.001977,0.00197,0.00197,1
2025-03-30 22:00:00+08:00,0.00197,0.001973,0.001964,0.001973,1
2025-03-30 22:05:00+08:00,0.001973,0.001976,0.001964,0.001965,1
2025-03-30 22:10:00+08:00,0.001965,0.001968,0.001965,0.001968,1
2025-03-30 22:15:00+08:00,0.001968,0.001986,0.001967,0.001986,1
2025-03-30 22:20:00+08:00,0.001985,0.001989,0.001982,0.001982,1
2025-03-30 22:25:00+08:00,0.001982,0.001982,0.001976,0.001976,1
2025-03-30 22:30:00+08:00,0.001976,0.001984,0.001975,0.001981,1
2025-03-30 22:35:00+08:00,0.001981,0.00199,0.001981,0.001985,1
2025-03-30 22:40:00+08:00,0.001985,0.00199,0.001982,0.00199,1
2025-03-30 22:45:00+08:00,0.00199,0.001997,0.001989,0.001997,1
2025-03-30 22:50:00+08:00,0.001997,0.001997,0.001989,0.001991,1
2025-03-30 22:55:00+08:00,0.001992,0.001993,0.001985,0.001986,1
2025-03-30 23:00:00+08:00,0.001986,0.001987,0.001981,0.001986,1
2025-03-30 23:05:00+08:00,0.001986,0.001989,0.001986,0.001989,1
2025-03-30 23:10:00+08:00,0.001989,0.001993,0.001989,0.001993,1
2025-03-30 23:15:00+08:00,0.001994,0.002006,0.001994,0.002006,1
2025-03-30 23:20:00+08:00,0.002006,0.002008,0.001999,0.002,1
2025-03-30 23:25:00+08:00,0.002,0.002,0.001992,0.001993,1
2025-03-30 23:30:00+08:00,0.001992,0.001995,0.001991,0.001995,1
2025-03-30 23:35:00+08:00,0.001994,0.001996,0.001991,0.001992,1
2025-03-30 23:40:00+08:00,0.001991,0.001992,0.00199,0.001992,1
2025-03-30 23:45:00+08:00,0.001992,0.001994,0.00199,0.001994,1
2025-03-30 23:50:00+08:00,0.001993,0.001994,0.001987,0.001988,1
2025-03-30 23:55:00+08:00,0.001988,0.001989,0.001986,0.001988,1
2025-03-31 00:00:00+08:00,0.001988,0.001988,0.001985,0.001985,1
2025-03-31 00:05:00+08:00,0.001985,0.001991,0.001984,0.001991,1
2025-03-31 00:10:00+08:00,0.001991,0.001993,0.001983,0.001984,1
2025-03-31 00:15:00+08:00,0.001985,0.001988,0.001984,0.001984,1
2025-03-31 00:20:00+08:00,0.001984,0.001984,0.001978,0.001982,1
2025-03-31 00:25:00+08:00,0.001983,0.001986,0.001979,0.00198,1
2025-03-31 00:30:00+08:00,0.001979,0.00198,0.001968,0.00197,1
2025-03-31 00:35:00+08:00,0.001969,0.00197,0.001961,0.00197,1
2025-03-31 00:40:00+08:00,0.00197,0.001972,0.001964,0.001965,1
2025-03-31 00:45:00+08:00,0.001965,0.001967,0.001959,0.001959,1
2025-03-31 00:50:00+08:00,0.001959,0.001961,0.001952,0.001955,1
2025-03-31 00:55:00+08:00,0.001955,0.001955,0.001945,0.001952,1
2025-03-31 01:00:00+08:00,0.001952,0.001955,0.001949,0.00195,1
2025-03-31 01:05:00+08:00,0.001949,0.001949,0.001941,0.001948,1
2025-03-31 01:10:00+08:00,0.001949,0.001959,0.001949,0.001958,1
2025-03-31 01:15:00+08:00,0.001958,0.001966,0.001958,0.001963,1
2025-03-31 01:20:00+08:00,0.001964,0.001967,0.001963,0.001964,1
2025-03-31 01:25:00+08:00,0.001964,0.001969,0.001964,0.001967,1
2025-03-31 01:30:00+08:00,0.001966,0.001973,0.001965,0.001971,1
2025-03-31 01:35:00+08:00,0.001971,0.001977,0.001971,0.001975,1
2025-03-31 01:40:00+08:00,0.001975,0.001976,0.001972,0.001972,1
2025-03-31 01:45:00+08:00,0.001972,0.001974,0.001968,0.001972,1
2025-03-31 01:50:00+08:00,0.001972,0.001975,0.001971,0.001975,1
2025-03-31 01:55:00+08:00,0.001975,0.001976,0.001972,0.001973,1
2025-03-31 02:00:00+08:00,0.001973,0.001983,0.001973,0.001982,1
2025-03-31 02:05:00+08:00,0.001982,0.001996,0.001982,0.001996,1
2025-03-31 02:10:00+08:00,0.001996,0.001997,0.00199,0.001992,1
2025-03-31 02:15:00+08:00,0.001992,0.001995,0.00199,0.001995,1
2025-03-31 02:20:00+08:00,0.001995,0.002004,0.001994,0.002003,1
2025-03-31 02:25:00+08:00,0.002003,0.002004,0.002002,0.002003,1
2025-03-31 02:30:00+08:00,0.002005,0.002006,0.002,0.002,1
2025-03-31 02:35:00+08:00,0.002,0.002002,0.002,0.002002,1
2025-03-31 02:40:00+08:00,0.002002,0.002003,0.002,0.002001,1
2025-03-31 02:45:00+08:00,0.002001,0.002012,0.002001,0.002012,1
2025-03-31 02:50:00+08:00,0.002012,0.002018,0.002012,0.002014,1
2025-03-31 02:55:00+08:00,0.002014,0.002023,0.002014,0.002022,1
2025-03-31 03:00:00+08:00,0.002022,0.002034,0.002022,0.002033,1
2025-03-31 03:05:00+08:00,0.002033,0.002035,0.002024,0.002024,1
2025-03-31 03:10:00+08:00,0.002024,0.002025,0.002021,0.002024,1
2025-03-31 03:15:00+08:00,0.002025,0.002027,0.002024,0.002025,1
2025-03-31 03:20:00+08:00,0.002026,0.002027,0.002023,0.002023,1
2025-03-31 03:25:00+08:00,0.002023,0.002034,0.002023,0.002031,1
2025-03-31 03:30:00+08:00,0.002031,0.002035,0.00203,0.002031,1
2025-03-31 03:35:00+08:00,0.002031,0.002031,0.002025,0.002026,1
2025-03-31 03:40:00+08:00,0.002026,0.002027,0.002025,0.002026,1
2025-03-31 03:45:00+08:00,0.002025,0.002025,0.002013,0.002013,1
2025-03-31 03:50:00+08:00,0.002013,0.002015,0.002013,0.002015,1
2025-03-31 03:55:00+08:00,0.002015,0.002015,0.00201,0.002011,1
2025-03-31 04:00:00+08:00,0.002011,0.002014,0.002011,0.002012,1
2025-03-31 04:05:00+08:00,0.002012,0.002012,0.002006,0.002009,1
2025-03-31 04:10:00+08:00,0.002009,0.002014,0.002004,0.002014,1
2025-03-31 04:15:00+08:00,0.002013,0.00202,0.002013,0.00202,1
2025-03-31 04:20:00+08:00,0.00202,0.00202,0.002013,0.002016,1
2025-03-31 04:25:00+08:00,0.002017,0.002017,0.002013,0.002013,1
2025-03-31 04:30:00+08:00,0.002013,0.002016,0.002012,0.002013,1
2025-03-31 04:35:00+08:00,0.002013,0.002018,0.002013,0.002016,1
2025-03-31 04:40:00+08:00,0.002016,0.002021,0.002013,0.002021,1
2025-03-31 04:45:00+08:00,0.002021,0.002022,0.002019,0.002022,1
2025-03-31 04:50:00+08:00,0.002022,0.002022,0.002017,0.002017,1
2025-03-31 04:55:00+08:00,0.002017,0.002017,0.002013,0.002017,1
2025-03-31 05:00:00+08:00,0.002017,0.002024,0.002017,0.002023,1
2025-03-31 05:05:00+08:00,0.002023,0.002023,0.002009,0.002009,1
2025-03-31 05:10:00+08:00,0.002009,0.002028,0.002009,0.002028,1
2025-03-31 05:15:00+08:00,0.002028,0.002028,0.002025,0.002027,1
2025-03-31 05:20:00+08:00,0.002027,0.002027,0.00202,0.00202,1
2025-03-31 05:25:00+08:00,0.00202,0.00202,0.002016,0.002018,1
2025-03-31 05:30:00+08:00,0.002018,0.002021,0.002017,0.002019,1
2025-03-31 05:35:00+08:00,0.002019,0.002019,0.002008,0.002008,1
2025-03-31 05:40:00+08:00,0.002009,0.002009,0.001996,0.001999,1
2025-03-31 05:45:00+08:00,0.001999,0.002002,0.001993,0.001993,1
2025-03-31 05:50:00+08:00,0.001994,0.001994,0.00199,0.001991,1
2025-03-31 05:55:00+08:00,0.001991,0.001993,0.001989,0.001993,1
2025-03-31 06:00:00+08:00,0.001992,0.001992,0.001978,0.00198,1
2025-03-31 06:05:00+08:00,0.00198,0.00198,0.001964,0.001966,1
2025-03-31 06:10:00+08:00,0.001966,0.001975,0.001966,0.001975,1
2025-03-31 06:15:00+08:00,0.001975,0.001976,0.001968,0.001971,1
2025-03-31 06:20:00+08:00,0.001971,0.001976,0.001964,0.001974,1
2025-03-31 06:25:00+08:00,0.001974,0.001983,0.001974,0.001982,1
2025-03-31 06:30:00+08:00,0.001982,0.001994,0.001981,0.001994,1
2025-03-31 06:35:00+08:00,0.001994,0.002018,0.001994,0.002016,1
2025-03-31 06:40:00+08:00,0.002016,0.002016,0.002013,0.002015,1
2025-03-31 06:45:00+08:00,0.002014,0.002016,0.00201,0.002011,1
2025-03-31 06:50:00+08:00,0.002011,0.002013,0.002007,0.002008,1
2025-03-31 06:55:00+08:00,0.002008,0.002008,0.001999,0.002,1
2025-03-31 07:00:00+08:00,0.002,0.002001,0.001987,0.001987,1
2025-03-31 07:05:00+08:00,0.001988,0.001988,0.001984,0.001985,1
2025-03-31 07:10:00+08:00,0.001987,0.001998,0.001987,0.001989,1
2025-03-31 07:15:00+08:00,0.001989,0.001993,0.001987,0.001992,1
2025-03-31 07:20:00+08:00,0.001992,0.001992,0.001976,0.001977,1
2025-03-31 07:25:00+08:00,0.001977,0.001984,0.001977,0.001977,1
2025-03-31 07:30:00+08:00,0.001976,0.00198,0.001975,0.001978,1
2025-03-31 07:35:00+08:00,0.001978,0.001987,0.001977,0.001984,1
2025-03-31 07:40:00+08:00,0.001984,0.001989,0.001984,0.001988,1
2025-03-31 07:45:00+08:00,0.001987,0.001989,0.001976,0.001978,1
2025-03-31 07:50:00+08:00,0.001978,0.001983,0.001976,0.001983,1
2025-03-31 07:55:00+08:00,0.001983,0.001985,0.001982,0.001985,1
2025-03-31 08:00:00+08:00,0.001985,0.001995,0.001985,0.001995,1
2025-03-31 08:05:00+08:00,0.001994,0.001994,0.001988,0.001989,1
2025-03-31 08:10:00+08:00,0.00199,0.001995,0.00199,0.001991,1
2025-03-31 08:15:00+08:00,0.001991,0.001994,0.001985,0.001991,1
2025-03-31 08:20:00+08:00,0.001991,0.001991,0.001978,0.001979,1
2025-03-31 08:25:00+08:00,0.001979,0.001983,0.001979,0.001982,1
2025-03-31 08:30:00+08:00,0.001981,0.001981,0.001956,0.001956,1
2025-03-31 08:35:00+08:00,0.001956,0.001956,0.001945,0.00195,1
2025-03-31 08:40:00+08:00,0.00195,0.00195,0.001939,0.001946,1
2025-03-31 08:45:00+08:00,0.001946,0.001952,0.001945,0.001951,1
2025-03-31 08:50:00+08:00,0.001951,0.001951,0.001943,0.001944,1
2025-03-31 08:55:00+08:00,0.001944,0.001953,0.001941,0.001952,1
2025-03-31 09:00:00+08:00,0.001952,0.001981,0.001948,0.001974,1
2025-03-31 09:05:00+08:00,0.001974,0.001991,0.001973,0.001987,1
2025-03-31 09:10:00+08:00,0.001987,0.001992,0.001987,0.001992,1
2025-03-31 09:15:00+08:00,0.001991,0.001994,0.001986,0.001986,1
2025-03-31 09:20:00+08:00,0.001984,0.001996,0.001984,0.001996,1
2025-03-31 09:25:00+08:00,0.001996,0.00201,0.001995,0.002006,1
2025-03-31 09:30:00+08:00,0.002007,0.002008,0.001999,0.002,1
2025-03-31 09:35:00+08:00,0.002001,0.002001,0.00199,0.002001,1
2025-03-31 09:40:00+08:00,0.002,0.002003,0.001997,0.002001,1
2025-03-31 09:45:00+08:00,0.002001,0.002004,0.001998,0.001999,1
2025-03-31 09:50:00+08:00,0.002001,0.002002,0.001999,0.002001,1
2025-03-31 09:55:00+08:00,0.002001,0.002009,0.002,0.002008,1
2025-03-31 10:00:00+08:00,0.002008,0.002011,0.002,0.002,1
2025-03-31 10:05:00+08:00,0.001999,0.002,0.001994,0.001997,1
2025-03-31 10:10:00+08:00,0.001997,0.001998,0.001991,0.001992,1
2025-03-31 10:15:00+08:00,0.001992,0.002001,0.001992,0.002,1
2025-03-31 10:20:00+08:00,0.002,0.002,0.001988,0.001988,1
2025-03-31 10:25:00+08:00,0.001988,0.00199,0.001987,0.00199,1
2025-03-31 10:30:00+08:00,0.001991,0.001998,0.00199,0.001996,1
2025-03-31 10:35:00+08:00,0.001995,0.002,0.001992,0.001993,1
2025-03-31 10:40:00+08:00,0.001992,0.002002,0.001992,0.002002,1
2025-03-31 10:45:00+08:00,0.002002,0.002009,0.002002,0.002009,1
2025-03-31 10:50:00+08:00,0.002009,0.002015,0.002004,0.002004,1
2025-03-31 10:55:00+08:00,0.002003,0.002003,0.001994,0.001995,1
2025-03-31 11:00:00+08:00,0.001995,0.002004,0.001994,0.002004,1
2025-03-31 11:05:00+08:00,0.002004,0.002004,0.001987,0.001988,1
2025-03-31 11:10:00+08:00,0.001987,0.001995,0.001984,0.001986,1
2025-03-31 11:15:00+08:00,0.001986,0.001987,0.00198,0.001981,1
2025-03-31 11:20:00+08:00,0.001981,0.00199,0.001981,0.00199,1
2025-03-31 11:25:00+08:00,0.00199,0.001998,0.00199,0.001998,1
2025-03-31 11:30:00+08:00,0.001998,0.002003,0.001992,0.001992,1
2025-03-31 11:35:00+08:00,0.001992,0.001992,0.001984,0.001986,1
2025-03-31 11:40:00+08:00,0.001986,0.001986,0.001977,0.001977,1
2025-03-31 11:45:00+08:00,0.001977,0.001978,0.001968,0.001969,1
2025-03-31 11:50:00+08:00,0.001969,0.001971,0.001966,0.001968,1
2025-03-31 11:55:00+08:00,0.001968,0.001971,0.001967,0.001969,1
2025-03-31 12:00:00+08:00,0.00197,0.001978,0.001969,0.001978,1
2025-03-31 12:05:00+08:00,0.001978,0.001982,0.001973,0.001982,1
2025-03-31 12:10:00+08:00,0.001981,0.001981,0.001968,0.001969,1
2025-03-31 12:15:00+08:00,0.001969,0.00197,0.001954,0.001959,1
2025-03-31 12:20:00+08:00,0.001958,0.001961,0.001952,0.001956,1
2025-03-31 12:25:00+08:00,0.001956,0.001959,0.001956,0.001959,1
2025-03-31 12:30:00+08:00,0.001959,0.00196,0.001956,0.001959,1
2025-03-31 12:35:00+08:00,0.001961,0.001976,0.00196,0.001976,1
2025-03-31 12:40:00+08:00,0.001976,0.001984,0.001976,0.001984,1
2025-03-31 12:45:00+08:00,0.001984,0.00199,0.001984,0.001987,1
2025-03-31 12:50:00+08:00,0.001986,0.001987,0.001977,0.001979,1
2025-03-31 12:55:00+08:00,0.001979,0.001986,0.001979,0.001985,1
2025-03-31 13:00:00+08:00,0.001985,0.001996,0.001984,0.001993,1
2025-03-31 13:05:00+08:00,0.001993,0.001999,0.001991,0.001997,1
2025-03-31 13:10:00+08:00,0.001997,0.001999,0.001993,0.001999,1
2025-03-31 13:15:00+08:00,0.001999,0.002,0.001992,0.001996,1
2025-03-31 13:20:00+08:00,0.001996,0.002001,0.001996,0.002,1
2025-03-31 13:25:00+08:00,0.002,0.002004,0.001997,0.001998,1
2025-03-31 13:30:00+08:00,0.001997,0.001999,0.001994,0.001994,1
2025-03-31 13:35:00+08:00,0.001994,0.001994,0.001989,0.001991,1
2025-03-31 13:40:00+08:00,0.001991,0.001992,0.00199,0.001992,1
2025-03-31 13:45:00+08:00,0.001992,0.001995,0.001986,0.001986,1
2025-03-31 13:50:00+08:00,0.001986,0.001987,0.001985,0.001985,1
2025-03-31 13:55:00+08:00,0.001985,0.001986,0.001984,0.001986,1
2025-03-31 14:00:00+08:00,0.001986,0.001991,0.001986,0.001987,1
2025-03-31 14:05:00+08:00,0.001987,0.001989,0.001983,0.001989,1
2025-03-31 14:10:00+08:00,0.001989,0.001989,0.001973,0.001974,1
2025-03-31 14:15:00+08:00,0.001973,0.001979,0.001973,0.001978,1
2025-03-31 14:20:00+08:00,0.001979,0.001986,0.001978,0.001984,1
2025-03-31 14:25:00+08:00,0.001984,0.001984,0.001971,0.001972,1
2025-03-31 14:30:00+08:00,0.001972,0.00198,0.001971,0.001977,1
2025-03-31 14:35:00+08:00,0.001977,0.001978,0.001969,0.001975,1
2025-03-31 14:40:00+08:00,0.001975,0.001983,0.001974,0.001981,1
2025-03-31 14:45:00+08:00,0.001981,0.001984,0.001972,0.001973,1
2025-03-31 14:50:00+08:00,0.001973,0.001974,0.00197,0.00197,1
2025-03-31 14:55:00+08:00,0.00197,0.001971,0.001967,0.001968,1
2025-03-31 15:00:00+08:00,0.001968,0.001979,0.001966,0.001978,1
2025-03-31 15:05:00+08:00,0.001978,0.001981,0.001963,0.001965,1
2025-03-31 15:10:00+08:00,0.001965,0.001965,0.00196,0.00196,1
2025-03-31 15:15:00+08:00,0.00196,0.001963,0.001948,0.001952,1
2025-03-31 15:20:00+08:00,0.001952,0.001973,0.001952,0.001968,1
2025-03-31 15:25:00+08:00,0.001968,0.001976,0.001939,0.001949,1
2025-03-31 15:30:00+08:00,0.001948,0.001953,0.001939,0.001939,1
2025-03-31 15:35:00+08:00,0.001938,0.001941,0.001936,0.00194,1
2025-03-31 15:40:00+08:00,0.00194,0.001944,0.00194,0.001942,1
2025-03-31 15:45:00+08:00,0.001941,0.001942,0.001936,0.001938,1
2025-03-31 15:50:00+08:00,0.001939,0.001939,0.001922,0.001925,1
2025-03-31 15:55:00+08:00,0.001925,0.001941,0.001924,0.001941,1
2025-03-31 16:00:00+08:00,0.001941,0.001955,0.001941,0.001955,1
2025-03-31 16:05:00+08:00,0.001955,0.001961,0.001955,0.001959,1
2025-03-31 16:10:00+08:00,0.00196,0.001962,0.001958,0.00196,1
2025-03-31 16:15:00+08:00,0.001961,0.001962,0.001952,0.001953,1
2025-03-31 16:20:00+08:00,0.001954,0.001959,0.001949,0.001958,1
2025-03-31 16:25:00+08:00,0.001958,0.001966,0.001957,0.001965,1
2025-03-31 16:30:00+08:00,0.001965,0.001967,0.001957,0.00196,1
2025-03-31 16:35:00+08:00,0.00196,0.00197,0.00196,0.001964,1
2025-03-31 16:40:00+08:00,0.001964,0.001964,0.001957,0.001957,1
2025-03-31 16:45:00+08:00,0.001956,0.001958,0.001953,0.001958,1
2025-03-31 16:50:00+08:00,0.001959,0.001961,0.001943,0.001943,1
2025-03-31 16:55:00+08:00,0.001944,0.001944,0.001939,0.001939,1
2025-03-31 17:00:00+08:00,0.001939,0.001943,0.001936,0.001937,1
2025-03-31 17:05:00+08:00,0.001938,0.001951,0.001936,0.001937,1
2025-03-31 17:10:00+08:00,0.001938,0.001938,0.001927,0.001928,1
2025-03-31 17:15:00+08:00,0.001928,0.001938,0.001928,0.001937,1
2025-03-31 17:20:00+08:00,0.001937,0.001938,0.001927,0.001931,1
2025-03-31 17:25:00+08:00,0.001931,0.001932,0.001925,0.001931,1
2025-03-31 17:30:00+08:00,0.001931,0.001933,0.001913,0.001914,1
2025-03-31 17:35:00+08:00,0.001914,0.00192,0.001904,0.00191,1
2025-03-31 17:40:00+08:00,0.00191,0.001912,0.001904,0.001911,1
2025-03-31 17:45:00+08:00,0.00191,0.001912,0.001906,0.001911,1
2025-03-31 17:50:00+08:00,0.001909,0.00191,0.001904,0.001908,1
2025-03-31 17:55:00+08:00,0.001909,0.001915,0.001905,0.001914,1
2025-03-31 18:00:00+08:00,0.001916,0.001916,0.001909,0.001912,1
2025-03-31 18:05:00+08:00,0.001912,0.001914,0.001901,0.001901,1
2025-03-31 18:10:00+08:00,0.001903,0.001903,0.001885,0.001899,1
2025-03-31 18:15:00+08:00,0.001899,0.001902,0.001893,0.001898,1
2025-03-31 18:20:00+08:00,0.001899,0.001911,0.001898,0.001911,1
2025-03-31 18:25:00+08:00,0.00191,0.001917,0.00191,0.001916,1
2025-03-31 18:30:00+08:00,0.001916,0.00192,0.001907,0.00191,1
2025-03-31 18:35:00+08:00,0.00191,0.001921,0.00191,0.00192,1
2025-03-31 18:40:00+08:00,0.001921,0.001929,0.001921,0.001929,1
2025-03-31 18:45:00+08:00,0.001929,0.00194,0.001928,0.00194,1
2025-03-31 18:50:00+08:00,0.00194,0.001943,0.001932,0.001934,1
2025-03-31 18:55:00+08:00,0.001934,0.001938,0.001933,0.001937,1
2025-03-31 19:00:00+08:00,0.001937,0.001941,0.001933,0.001935,1
2025-03-31 19:05:00+08:00,0.001935,0.001935,0.001924,0.001924,1
2025-03-31 19:10:00+08:00,0.001925,0.001925,0.00192,0.00192,1
2025-03-31 19:15:00+08:00,0.00192,0.001932,0.001918,0.001925,1
2025-03-31 19:20:00+08:00,0.001925,0.001925,0.001921,0.001924,1
2025-03-31 19:25:00+08:00,0.001923,0.001924,0.001918,0.001918,1
2025-03-31 19:30:00+08:00,0.001918,0.001919,0.001912,0.001918,1
2025-03-31 19:35:00+08:00,0.001918,0.001928,0.001918,0.001924,1
2025-03-31 19:40:00+08:00,0.001924,0.001933,0.001924,0.001932,1
2025-03-31 19:45:00+08:00,0.001932,0.001945,0.001932,0.001945,1
2025-03-31 19:50:00+08:00,0.001945,0.001958,0.001945,0.001956,1
2025-03-31 19:55:00+08:00,0.001956,0.00196,0.001944,0.001945,1
2025-03-31 20:00:00+08:00,0.001945,0.001952,0.001945,0.001946,1
2025-03-31 20:05:00+08:00,0.001947,0.001953,0.001947,0.00195,1
2025-03-31 20:10:00+08:00,0.001951,0.001952,0.001939,0.00194,1
2025-03-31 20:15:00+08:00,0.001939,0.00194,0.001936,0.00194,1
2025-03-31 20:20:00+08:00,0.001941,0.00195,0.001941,0.001943,1
2025-03-31 20:25:00+08:00,0.001943,0.001951,0.001943,0.001948,1
2025-03-31 20:30:00+08:00,0.001945,0.001952,0.001942,0.001952,1
2025-03-31 20:35:00+08:00,0.001952,0.001953,0.001949,0.00195,1
2025-03-31 20:40:00+08:00,0.00195,0.001967,0.00195,0.001966,1
2025-03-31 20:45:00+08:00,0.001966,0.001967,0.001958,0.00196,1
2025-03-31 20:50:00+08:00,0.00196,0.001988,0.00196,0.001978,1
2025-03-31 20:55:00+08:00,0.001978,0.001978,0.001968,0.001972,1
2025-03-31 21:00:00+08:00,0.001972,0.001975,0.001966,0.001973,1
2025-03-31 21:05:00+08:00,0.001974,0.001975,0.001969,0.001969,1
2025-03-31 21:10:00+08:00,0.001969,0.001969,0.001957,0.001957,1
2025-03-31 21:15:00+08:00,0.001956,0.001962,0.001955,0.001955,1
2025-03-31 21:20:00+08:00,0.001955,0.001955,0.001952,0.001952,1
2025-03-31 21:25:00+08:00,0.001951,0.001956,0.001951,0.001954,1
2025-03-31 21:30:00+08:00,0.001954,0.001956,0.001925,0.00193,1
2025-03-31 21:35:00+08:00,0.00193,0.001942,0.00193,0.001934,1
2025-03-31 21:40:00+08:00,0.001933,0.001935,0.001923,0.001923,1
2025-03-31 21:45:00+08:00,0.001923,0.001927,0.001915,0.001927,1
2025-03-31 21:50:00+08:00,0.001927,0.001946,0.001926,0.001944,1
2025-03-31 21:55:00+08:00,0.001944,0.001952,0.001938,0.001941,1
2025-03-31 22:00:00+08:00,0.00194,0.001955,0.00194,0.001952,1
2025-03-31 22:05:00+08:00,0.001951,0.001964,0.00195,0.001959,1
2025-03-31 22:10:00+08:00,0.00196,0.001965,0.001959,0.001962,1
2025-03-31 22:15:00+08:00,0.001962,0.001973,0.001955,0.001955,1
2025-03-31 22:20:00+08:00,0.001955,0.001957,0.00195,0.001952,1
2025-03-31 22:25:00+08:00,0.001953,0.001958,0.00195,0.001956,1
2025-03-31 22:30:00+08:00,0.001956,0.001979,0.001956,0.001979,1
2025-03-31 22:35:00+08:00,0.00198,0.001983,0.001964,0.001973,1
2025-03-31 22:40:00+08:00,0.001974,0.001976,0.001962,0.001966,1
2025-03-31 22:45:00+08:00,0.001966,0.001969,0.001965,0.001968,1
2025-03-31 22:50:00+08:00,0.001969,0.001984,0.001968,0.001981,1
2025-03-31 22:55:00+08:00,0.001981,0.001981,0.001976,0.001978,1
2025-03-31 23:00:00+08:00,0.001979,0.001995,0.001979,0.001989,1
2025-03-31 23:05:00+08:00,0.001989,0.00199,0.001983,0.001983,1
2025-03-31 23:10:00+08:00,0.001983,0.001984,0.001976,0.001976,1
2025-03-31 23:15:00+08:00,0.001975,0.001981,0.001974,0.00198,1
2025-03-31 23:20:00+08:00,0.00198,0.001985,0.001979,0.001985,1
2025-03-31 23:25:00+08:00,0.001984,0.001988,0.001979,0.001979,1
2025-03-31 23:30:00+08:00,0.001979,0.001981,0.001974,0.001979,1
2025-03-31 23:35:00+08:00,0.001979,0.00198,0.001977,0.001979,1
2025-03-31 23:40:00+08:00,0.00198,0.001983,0.001973,0.001973,1
2025-03-31 23:45:00+08:00,0.001973,0.001982,0.001973,0.001979,1
2025-03-31 23:50:00+08:00,0.00198,0.001981,0.001976,0.001977,1
2025-03-31 23:55:00+08:00,0.001976,0.001977,0.001968,0.001969,1
2025-04-01 00:00:00+08:00,0.001969,0.001982,0.001969,0.001982,1
2025-04-01 00:05:00+08:00,0.001981,0.001982,0.001972,0.001972,1
2025-04-01 00:10:00+08:00,0.001972,0.001972,0.001963,0.001966,1
2025-04-01 00:15:00+08:00,0.001966,0.001969,0.00196,0.001969,1
2025-04-01 00:20:00+08:00,0.001969,0.001971,0.001964,0.001968,1
2025-04-01 00:25:00+08:00,0.001968,0.001974,0.001968,0.001974,1
2025-04-01 00:30:00+08:00,0.001973,0.001974,0.001969,0.001973,1
2025-04-01 00:35:00+08:00,0.001974,0.001974,0.001966,0.001967,1
2025-04-01 00:40:00+08:00,0.001968,0.001969,0.001966,0.001967,1
2025-04-01 00:45:00+08:00,0.001967,0.001967,0.001963,0.001965,1
2025-04-01 00:50:00+08:00,0.001965,0.001972,0.001965,0.001972,1
2025-04-01 00:55:00+08:00,0.001972,0.001972,0.001958,0.001958,1
2025-04-01 01:00:00+08:00,0.001958,0.001963,0.001957,0.001962,1
2025-04-01 01:05:00+08:00,0.001962,0.001972,0.001962,0.001971,1
2025-04-01 01:10:00+08:00,0.001972,0.001974,0.001967,0.001972,1
2025-04-01 01:15:00+08:00,0.001971,0.001971,0.001959,0.001959,1
2025-04-01 01:20:00+08:00,0.001959,0.00196,0.001957,0.001959,1
2025-04-01 01:25:00+08:00,0.001959,0.001962,0.001959,0.001961,1
2025-04-01 01:30:00+08:00,0.001961,0.001962,0.001955,0.001958,1
2025-04-01 01:35:00+08:00,0.001958,0.001958,0.001949,0.001952,1
2025-04-01 01:40:00+08:00,0.001953,0.001956,0.001943,0.001944,1
2025-04-01 01:45:00+08:00,0.001945,0.001945,0.001936,0.001943,1
2025-04-01 01:50:00+08:00,0.001943,0.001951,0.001942,0.001951,1
2025-04-01 01:55:00+08:00,0.001951,0.001951,0.001941,0.001942,1
2025-04-01 02:00:00+08:00,0.001942,0.001953,0.001942,0.001951,1
2025-04-01 02:05:00+08:00,0.001951,0.001954,0.001949,0.001954,1
2025-04-01 02:10:00+08:00,0.001954,0.001963,0.001954,0.001955,1
2025-04-01 02:15:00+08:00,0.001954,0.001958,0.001949,0.001958,1
2025-04-01 02:20:00+08:00,0.001958,0.00196,0.001957,0.00196,1
2025-04-01 02:25:00+08:00,0.00196,0.001966,0.00196,0.001966,1
2025-04-01 02:30:00+08:00,0.001966,0.001973,0.001966,0.001967,1
2025-04-01 02:35:00+08:00,0.001967,0.001974,0.001967,0.001974,1
2025-04-01 02:40:00+08:00,0.001974,0.001978,0.001971,0.001971,1
2025-04-01 02:45:00+08:00,0.001971,0.001971,0.001966,0.001971,1
2025-04-01 02:50:00+08:00,0.001971,0.001973,0.00197,0.001972,1
2025-04-01 02:55:00+08:00,0.001972,0.001972,0.001967,0.001967,1
2025-04-01 03:00:00+08:00,0.001967,0.001972,0.001967,0.001972,1
2025-04-01 03:05:00+08:00,0.001972,0.001976,0.001969,0.00197,1
2025-04-01 03:10:00+08:00,0.00197,0.001978,0.00197,0.001977,1
2025-04-01 03:15:00+08:00,0.001977,0.001977,0.001971,0.001971,1
2025-04-01 03:20:00+08:00,0.001971,0.001974,0.00197,0.001973,1
2025-04-01 03:25:00+08:00,0.001972,0.001972,0.00196,0.001961,1
2025-04-01 03:30:00+08:00,0.00196,0.001968,0.00196,0.001968,1
2025-04-01 03:35:00+08:00,0.00197,0.00197,0.001962,0.001964,1
2025-04-01 03:40:00+08:00,0.001964,0.001965,0.001957,0.001957,1
2025-04-01 03:45:00+08:00,0.001957,0.00196,0.001953,0.001953,1
2025-04-01 03:50:00+08:00,0.001954,0.001955,0.001947,0.001951,1
2025-04-01 03:55:00+08:00,0.001951,0.001957,0.001948,0.001949,1
2025-04-01 04:00:00+08:00,0.001949,0.001956,0.001948,0.001951,1
2025-04-01 04:05:00+08:00,0.001951,0.001964,0.00195,0.001964,1
2025-04-01 04:10:00+08:00,0.001964,0.001964,0.001957,0.001959,1
2025-04-01 04:15:00+08:00,0.001959,0.001959,0.001953,0.001958,1
2025-04-01 04:20:00+08:00,0.001958,0.00196,0.001958,0.001959,1
2025-04-01 04:25:00+08:00,0.001959,0.001959,0.001958,0.001959,1
2025-04-01 04:30:00+08:00,0.001959,0.001961,0.001956,0.001957,1
2025-04-01 04:35:00+08:00,0.001957,0.001961,0.001956,0.001961,1
2025-04-01 04:40:00+08:00,0.001961,0.001961,0.00196,0.001961,1
2025-04-01 04:45:00+08:00,0.001961,0.001961,0.001953,0.001954,1
2025-04-01 04:50:00+08:00,0.001954,0.001954,0.001947,0.001947,1
2025-04-01 04:55:00+08:00,0.001946,0.001947,0.001944,0.001946,1
2025-04-01 05:00:00+08:00,0.001946,0.001952,0.001946,0.001949,1
2025-04-01 05:05:00+08:00,0.001949,0.001955,0.001949,0.001955,1
2025-04-01 05:10:00+08:00,0.001955,0.001957,0.001953,0.001953,1
2025-04-01 05:15:00+08:00,0.001953,0.001955,0.001949,0.001952,1
2025-04-01 05:20:00+08:00,0.001952,0.001958,0.001949,0.001958,1
2025-04-01 05:25:00+08:00,0.001958,0.001959,0.001952,0.001952,1
2025-04-01 05:30:00+08:00,0.001951,0.001955,0.00195,0.001951,1
2025-04-01 05:35:00+08:00,0.001951,0.001952,0.001949,0.001952,1
2025-04-01 05:40:00+08:00,0.001953,0.001954,0.001948,0.001948,1
2025-04-01 05:45:00+08:00,0.001949,0.001949,0.001948,0.001948,1
2025-04-01 05:50:00+08:00,0.001948,0.001951,0.001947,0.001951,1
2025-04-01 05:55:00+08:00,0.001951,0.001952,0.001941,0.001941,1
2025-04-01 06:00:00+08:00,0.001941,0.001942,0.001937,0.001937,1
2025-04-01 06:05:00+08:00,0.001937,0.001938,0.001933,0.001935,1
2025-04-01 06:10:00+08:00,0.001936,0.001937,0.001932,0.001932,1
2025-04-01 06:15:00+08:00,0.001932,0.001932,0.001928,0.001929,1
2025-04-01 06:20:00+08:00,0.00193,0.00193,0.001927,0.001927,1
2025-04-01 06:25:00+08:00,0.001927,0.00193,0.001923,0.00193,1
2025-04-01 06:30:00+08:00,0.00193,0.00193,0.001926,0.001926,1
2025-04-01 06:35:00+08:00,0.001926,0.001926,0.001921,0.001924,1
2025-04-01 06:40:00+08:00,0.001924,0.001926,0.001923,0.001926,1
2025-04-01 06:45:00+08:00,0.001926,0.001932,0.001925,0.001932,1
2025-04-01 06:50:00+08:00,0.001932,0.001934,0.001932,0.001933,1
2025-04-01 06:55:00+08:00,0.001933,0.001936,0.001932,0.001936,1
2025-04-01 07:00:00+08:00,0.001935,0.001938,0.001933,0.001933,1
2025-04-01 07:05:00+08:00,0.001934,0.001938,0.001934,0.001935,1
2025-04-01 07:10:00+08:00,0.001936,0.001939,0.001936,0.001939,1
2025-04-01 07:15:00+08:00,0.001939,0.001946,0.001933,0.001935,1
2025-04-01 07:20:00+08:00,0.001934,0.001936,0.001931,0.001932,1
2025-04-01 07:25:00+08:00,0.001932,0.001933,0.001931,0.001931,1
2025-04-01 07:30:00+08:00,0.001932,0.001933,0.001928,0.001932,1
2025-04-01 07:35:00+08:00,0.001932,0.001942,0.001932,0.001942,1
2025-04-01 07:40:00+08:00,0.001942,0.001942,0.001941,0.001941,1
2025-04-01 07:45:00+08:00,0.001941,0.001941,0.001932,0.001932,1
2025-04-01 07:50:00+08:00,0.001932,0.001937,0.001931,0.001937,1
2025-04-01 07:55:00+08:00,0.001938,0.001944,0.001937,0.001942,1
2025-04-01 08:00:00+08:00,0.001942,0.001949,0.001939,0.001949,1
2025-04-01 08:05:00+08:00,0.001949,0.001953,0.001948,0.001953,1
2025-04-01 08:10:00+08:00,0.001953,0.001954,0.001942,0.001943,1
2025-04-01 08:15:00+08:00,0.001943,0.001943,0.001935,0.001942,1
2025-04-01 08:20:00+08:00,0.001942,0.001952,0.001942,0.00195,1
2025-04-01 08:25:00+08:00,0.00195,0.001957,0.001949,0.001956,1
2025-04-01 08:30:00+08:00,0.001955,0.001959,0.001949,0.00195,1
2025-04-01 08:35:00+08:00,0.001949,0.001953,0.001948,0.001953,1
2025-04-01 08:40:00+08:00,0.001953,0.001957,0.001953,0.001955,1
2025-04-01 08:45:00+08:00,0.001955,0.001956,0.001946,0.001947,1
2025-04-01 08:50:00+08:00,0.001947,0.001958,0.001939,0.001944,1
2025-04-01 08:55:00+08:00,0.001944,0.00195,0.001943,0.00195,1
2025-04-01 09:00:00+08:00,0.00195,0.001952,0.001949,0.001949,1
2025-04-01 09:05:00+08:00,0.001949,0.00195,0.00194,0.001941,1
2025-04-01 09:10:00+08:00,0.001941,0.001941,0.001936,0.001939,1
2025-04-01 09:15:00+08:00,0.00194,0.001948,0.001938,0.001938,1
2025-04-01 09:20:00+08:00,0.001938,0.001938,0.001935,0.001937,1
2025-04-01 09:25:00+08:00,0.001938,0.001947,0.001938,0.001947,1
2025-04-01 09:30:00+08:00,0.001947,0.001947,0.001937,0.001938,1
2025-04-01 09:35:00+08:00,0.001938,0.001939,0.001934,0.001935,1
2025-04-01 09:40:00+08:00,0.001935,0.001936,0.001932,0.001936,1
2025-04-01 09:45:00+08:00,0.001935,0.001949,0.001935,0.001946,1
2025-04-01 09:50:00+08:00,0.001946,0.001946,0.001942,0.001944,1
2025-04-01 09:55:00+08:00,0.001944,0.001945,0.001944,0.001944,1
2025-04-01 10:00:00+08:00,0.001945,0.001954,0.001943,0.001952,1
2025-04-01 10:05:00+08:00,0.001952,0.001962,0.001951,0.001962,1
2025-04-01 10:10:00+08:00,0.001962,0.001963,0.001958,0.001959,1
2025-04-01 10:15:00+08:00,0.001959,0.001967,0.001959,0.001967,1
2025-04-01 10:20:00+08:00,0.001967,0.001967,0.001964,0.001965,1
2025-04-01 10:25:00+08:00,0.001965,0.001968,0.001964,0.001966,1
2025-04-01 10:30:00+08:00,0.001966,0.00197,0.001965,0.001968,1
2025-04-01 10:35:00+08:00,0.001968,0.00197,0.001967,0.001969,1
2025-04-01 10:40:00+08:00,0.001969,0.001976,0.001969,0.001973,1
2025-04-01 10:45:00+08:00,0.001975,0.001981,0.001975,0.001981,1
2025-04-01 10:50:00+08:00,0.001982,0.001982,0.00198,0.00198,1
2025-04-01 10:55:00+08:00,0.00198,0.00198,0.001977,0.001978,1
2025-04-01 11:00:00+08:00,0.001978,0.001987,0.001978,0.001985,1
2025-04-01 11:05:00+08:00,0.001985,0.001989,0.001985,0.001987,1
2025-04-01 11:10:00+08:00,0.001988,0.001991,0.001988,0.001989,1
2025-04-01 11:15:00+08:00,0.001989,0.00199,0.001984,0.001985,1
2025-04-01 11:20:00+08:00,0.001985,0.001985,0.001979,0.001979,1
2025-04-01 11:25:00+08:00,0.001979,0.00198,0.001977,0.001977,1
2025-04-01 11:30:00+08:00,0.001977,0.001979,0.001976,0.001979,1
2025-04-01 11:35:00+08:00,0.001979,0.001979,0.001968,0.001971,1
2025-04-01 11:40:00+08:00,0.001971,0.001973,0.00197,0.001972,1
2025-04-01 11:45:00+08:00,0.00197,0.001972,0.001969,0.001972,1
2025-04-01 11:50:00+08:00,0.001972,0.001972,0.001968,0.00197,1
2025-04-01 11:55:00+08:00,0.00197,0.001971,0.001967,0.00197,1
2025-04-01 12:00:00+08:00,0.001971,0.001976,0.001971,0.001975,1
2025-04-01 12:05:00+08:00,0.001975,0.001975,0.001971,0.001971,1
2025-04-01 12:10:00+08:00,0.001971,0.001974,0.00197,0.001971,1
2025-04-01 12:15:00+08:00,0.001971,0.001972,0.001967,0.001968,1
2025-04-01 12:20:00+08:00,0.001968,0.001971,0.001968,0.001971,1
2025-04-01 12:25:00+08:00,0.001971,0.001972,0.00197,0.001972,1
2025-04-01 12:30:00+08:00,0.001972,0.001977,0.001972,0.001977,1
2025-04-01 12:35:00+08:00,0.001977,0.001979,0.001976,0.001976,1
2025-04-01 12:40:00+08:00,0.001976,0.001976,0.001973,0.001973,1
2025-04-01 12:45:00+08:00,0.001973,0.001974,0.001971,0.001974,1
2025-04-01 12:50:00+08:00,0.001974,0.001977,0.001973,0.001975,1
2025-04-01 12:55:00+08:00,0.001976,0.001976,0.001971,0.001972,1
2025-04-01 13:00:00+08:00,0.001972,0.001973,0.00197,0.001973,1
2025-04-01 13:05:00+08:00,0.001973,0.001977,0.001971,0.001973,1
2025-04-01 13:10:00+08:00,0.001973,0.001974,0.001973,0.001974,1
2025-04-01 13:15:00+08:00,0.001975,0.001986,0.001975,0.001986,1
2025-04-01 13:20:00+08:00,0.001985,0.001989,0.001983,0.001988,1
2025-04-01 13:25:00+08:00,0.001988,0.001989,0.001987,0.001987,1
2025-04-01 13:30:00+08:00,0.001988,0.001988,0.001982,0.001982,1
2025-04-01 13:35:00+08:00,0.001982,0.001982,0.00198,0.00198,1
2025-04-01 13:40:00+08:00,0.00198,0.00198,0.00198,0.00198,1
2025-04-01 13:45:00+08:00,0.00198,0.00198,0.001975,0.001975,1
2025-04-01 13:50:00+08:00,0.001975,0.001975,0.001972,0.001972,1
2025-04-01 13:55:00+08:00,0.001972,0.001972,0.001968,0.001968,1
2025-04-01 14:00:00+08:00,0.001968,0.001969,0.001966,0.001967,1
2025-04-01 14:05:00+08:00,0.001966,0.001974,0.001965,0.001974,1
2025-04-01 14:10:00+08:00,0.001974,0.001976,0.00197,0.001972,1
2025-04-01 14:15:00+08:00,0.001972,0.001979,0.001971,0.001976,1
2025-04-01 14:20:00+08:00,0.001976,0.001977,0.001975,0.001976,1
2025-04-01 14:25:00+08:00,0.001976,0.00198,0.001975,0.001978,1
2025-04-01 14:30:00+08:00,0.001978,0.001984,0.001978,0.001984,1
2025-04-01 14:35:00+08:00,0.001984,0.001997,0.001984,0.001997,1
2025-04-01 14:40:00+08:00,0.001997,0.002,0.001992,0.001994,1
2025-04-01 14:45:00+08:00,0.001995,0.001997,0.00199,0.001997,1
2025-04-01 14:50:00+08:00,0.001997,0.001998,0.001995,0.001997,1
2025-04-01 14:55:00+08:00,0.001997,0.001997,0.00199,0.00199,1
2025-04-01 15:00:00+08:00,0.00199,0.001991,0.001982,0.001984,1
2025-04-01 15:05:00+08:00,0.001986,0.001989,0.001985,0.001986,1
2025-04-01 15:10:00+08:00,0.001987,0.001993,0.001987,0.001991,1
2025-04-01 15:15:00+08:00,0.001991,0.001991,0.001985,0.001985,1
2025-04-01 15:20:00+08:00,0.001984,0.001987,0.001982,0.001986,1
2025-04-01 15:25:00+08:00,0.001985,0.001985,0.001981,0.001983,1
2025-04-01 15:30:00+08:00,0.001983,0.001984,0.001975,0.001975,1
2025-04-01 15:35:00+08:00,0.001975,0.001981,0.001975,0.001979,1
2025-04-01 15:40:00+08:00,0.001979,0.001984,0.001979,0.00198,1
2025-04-01 15:45:00+08:00,0.00198,0.001985,0.00198,0.001985,1
2025-04-01 15:50:00+08:00,0.001985,0.001985,0.001981,0.001981,1
2025-04-01 15:55:00+08:00,0.001981,0.001981,0.001977,0.001977,1
2025-04-01 16:00:00+08:00,0.001978,0.001984,0.001977,0.001983,1
2025-04-01 16:05:00+08:00,0.001983,0.001991,0.001982,0.001991,1
2025-04-01 16:10:00+08:00,0.001992,0.001994,0.00199,0.001993,1
2025-04-01 16:15:00+08:00,0.001994,0.002008,0.001994,0.002005,1
2025-04-01 16:20:00+08:00,0.002005,0.002019,0.002004,0.002014,1
2025-04-01 16:25:00+08:00,0.002014,0.002017,0.002009,0.002015,1
2025-04-01 16:30:00+08:00,0.002017,0.002024,0.002015,0.002022,1
2025-04-01 16:35:00+08:00,0.002022,0.002022,0.002011,0.002011,1
2025-04-01 16:40:00+08:00,0.00201,0.002012,0.002008,0.002008,1
2025-04-01 16:45:00+08:00,0.002008,0.002017,0.002008,0.002016,1
2025-04-01 16:50:00+08:00,0.002015,0.002019,0.002015,0.002018,1
2025-04-01 16:55:00+08:00,0.002018,0.002027,0.002017,0.002027,1
2025-04-01 17:00:00+08:00,0.002028,0.002041,0.002028,0.002038,1
2025-04-01 17:05:00+08:00,0.002038,0.002038,0.00203,0.002033,1
2025-04-01 17:10:00+08:00,0.002033,0.002034,0.002024,0.002025,1
2025-04-01 17:15:00+08:00,0.002025,0.002034,0.002025,0.002033,1
2025-04-01 17:20:00+08:00,0.002033,0.002038,0.00203,0.00203,1
2025-04-01 17:25:00+08:00,0.00203,0.00203,0.002025,0.00203,1
2025-04-01 17:30:00+08:00,0.00203,0.002034,0.002029,0.002031,1
2025-04-01 17:35:00+08:00,0.002032,0.002033,0.002026,0.002026,1
2025-04-01 17:40:00+08:00,0.002026,0.002031,0.002026,0.002031,1
2025-04-01 17:45:00+08:00,0.002031,0.002034,0.002029,0.00203,1
2025-04-01 17:50:00+08:00,0.00203,0.002031,0.002028,0.002028,1
2025-04-01 17:55:00+08:00,0.002028,0.002037,0.002028,0.002036,1
2025-04-01 18:00:00+08:00,0.002036,0.002048,0.002033,0.002033,1
2025-04-01 18:05:00+08:00,0.002034,0.002034,0.002026,0.002026,1
2025-04-01 18:10:00+08:00,0.002026,0.002027,0.002022,0.002025,1
2025-04-01 18:15:00+08:00,0.002025,0.002031,0.002025,0.002029,1
2025-04-01 18:20:00+08:00,0.002029,0.002033,0.002028,0.002028,1
2025-04-01 18:25:00+08:00,0.002028,0.00203,0.002027,0.002027,1
2025-04-01 18:30:00+08:00,0.002027,0.002028,0.002012,0.002014,1
2025-04-01 18:35:00+08:00,0.002014,0.002014,0.001999,0.002002,1
2025-04-01 18:40:00+08:00,0.002002,0.002007,0.001995,0.001996,1
2025-04-01 18:45:00+08:00,0.001996,0.002002,0.001995,0.001996,1
2025-04-01 18:50:00+08:00,0.001995,0.001996,0.001982,0.001982,1
2025-04-01 18:55:00+08:00,0.001982,0.001985,0.001982,0.001984,1
2025-04-01 19:00:00+08:00,0.001985,0.001986,0.001967,0.001968,1
2025-04-01 19:05:00+08:00,0.001968,0.001978,0.001968,0.001973,1
2025-04-01 19:10:00+08:00,0.001973,0.001978,0.001971,0.001975,1
2025-04-01 19:15:00+08:00,0.001976,0.00198,0.001975,0.001978,1
2025-04-01 19:20:00+08:00,0.001977,0.001978,0.001966,0.001974,1
2025-04-01 19:25:00+08:00,0.001975,0.001975,0.001969,0.001971,1
2025-04-01 19:30:00+08:00,0.001971,0.001971,0.001967,0.00197,1
2025-04-01 19:35:00+08:00,0.001972,0.001972,0.001953,0.001953,1
2025-04-01 19:40:00+08:00,0.001952,0.001955,0.001945,0.001955,1
2025-04-01 19:45:00+08:00,0.001955,0.001965,0.001955,0.001965,1
2025-04-01 19:50:00+08:00,0.001965,0.001966,0.001959,0.001959,1
2025-04-01 19:55:00+08:00,0.001959,0.001964,0.001958,0.001964,1
2025-04-01 20:00:00+08:00,0.001964,0.001967,0.001959,0.001967,1
2025-04-01 20:05:00+08:00,0.001968,0.001972,0.001964,0.001972,1
2025-04-01 20:10:00+08:00,0.001972,0.001976,0.001971,0.001975,1
2025-04-01 20:15:00+08:00,0.001974,0.00198,0.001974,0.001976,1
2025-04-01 20:20:00+08:00,0.001975,0.001975,0.001969,0.001975,1
2025-04-01 20:25:00+08:00,0.001975,0.001976,0.001973,0.001975,1
2025-04-01 20:30:00+08:00,0.001975,0.001977,0.001965,0.001965,1
2025-04-01 20:35:00+08:00,0.001965,0.001966,0.001951,0.001951,1
2025-04-01 20:40:00+08:00,0.001951,0.001954,0.001951,0.001953,1
2025-04-01 20:45:00+08:00,0.001953,0.001954,0.00195,0.001951,1
2025-04-01 20:50:00+08:00,0.001951,0.001961,0.001951,0.001961,1
2025-04-01 20:55:00+08:00,0.00196,0.001965,0.001959,0.001964,1
2025-04-01 21:00:00+08:00,0.001965,0.001966,0.001961,0.001962,1
2025-04-01 21:05:00+08:00,0.001961,0.001962,0.001958,0.00196,1
2025-04-01 21:10:00+08:00,0.00196,0.00197,0.001959,0.001967,1
2025-04-01 21:15:00+08:00,0.001967,0.001968,0.001966,0.001968,1
2025-04-01 21:20:00+08:00,0.001969,0.001975,0.001969,0.001975,1
2025-04-01 21:25:00+08:00,0.001975,0.001979,0.001975,0.001979,1
2025-04-01 21:30:00+08:00,0.001979,0.001984,0.001975,0.00198,1
2025-04-01 21:35:00+08:00,0.00198,0.00198,0.001966,0.001969,1
2025-04-01 21:40:00+08:00,0.001974,0.001982,0.001974,0.001981,1
2025-04-01 21:45:00+08:00,0.001981,0.001988,0.00198,0.001984,1
2025-04-01 21:50:00+08:00,0.001986,0.001986,0.001981,0.001981,1
2025-04-01 21:55:00+08:00,0.001981,0.001981,0.001975,0.001977,1
2025-04-01 22:00:00+08:00,0.001977,0.00198,0.001962,0.001968,1
2025-04-01 22:05:00+08:00,0.001968,0.001969,0.001955,0.00196,1
2025-04-01 22:10:00+08:00,0.00196,0.00196,0.001939,0.001942,1
2025-04-01 22:15:00+08:00,0.001942,0.001948,0.001936,0.001937,1
2025-04-01 22:20:00+08:00,0.001937,0.001946,0.00193,0.001946,1
2025-04-01 22:25:00+08:00,0.001946,0.001951,0.001942,0.001945,1
2025-04-01 22:30:00+08:00,0.001945,0.001955,0.001944,0.001947,1
2025-04-01 22:35:00+08:00,0.001947,0.001961,0.001947,0.001961,1
2025-04-01 22:40:00+08:00,0.001961,0.001965,0.001956,0.001964,1
2025-04-01 22:45:00+08:00,0.001964,0.001971,0.001958,0.001971,1
2025-04-01 22:50:00+08:00,0.001971,0.001988,0.001971,0.001986,1
2025-04-01 22:55:00+08:00,0.001988,0.001992,0.001983,0.001986,1
2025-04-01 23:00:00+08:00,0.001987,0.002001,0.001986,0.00199,1
2025-04-01 23:05:00+08:00,0.00199,0.001993,0.001983,0.001992,1
2025-04-01 23:10:00+08:00,0.001993,0.002014,0.00199,0.002014,1
2025-04-01 23:15:00+08:00,0.002012,0.002032,0.002012,0.00202,1
2025-04-01 23:20:00+08:00,0.00202,0.002022,0.002014,0.002017,1
2025-04-01 23:25:00+08:00,0.002017,0.002021,0.002014,0.002014,1
2025-04-01 23:30:00+08:00,0.002014,0.002021,0.002014,0.002018,1
2025-04-01 23:35:00+08:00,0.002018,0.002028,0.002015,0.002024,1
2025-04-01 23:40:00+08:00,0.002025,0.002026,0.002019,0.002025,1
2025-04-01 23:45:00+08:00,0.002026,0.002035,0.002026,0.002028,1
2025-04-01 23:50:00+08:00,0.002028,0.00203,0.002022,0.002023,1
2025-04-01 23:55:00+08:00,0.002023,0.002023,0.002021,0.002022,1
2025-04-02 00:00:00+08:00,0.002022,0.002032,0.002022,0.002024,1
2025-04-02 00:05:00+08:00,0.002024,0.002025,0.002016,0.00202,1
2025-04-02 00:10:00+08:00,0.002019,0.00202,0.002007,0.002008,1
2025-04-02 00:15:00+08:00,0.002009,0.002016,0.002007,0.002012,1
2025-04-02 00:20:00+08:00,0.002011,0.002012,0.001998,0.002004,1
2025-04-02 00:25:00+08:00,0.002003,0.002005,0.002001,0.002002,1
2025-04-02 00:30:00+08:00,0.002003,0.002009,0.002003,0.002005,1
2025-04-02 00:35:00+08:00,0.002005,0.002009,0.002,0.002,1
2025-04-02 00:40:00+08:00,0.002,0.002,0.001991,0.001993,1
2025-04-02 00:45:00+08:00,0.001993,0.002,0.001992,0.002,1
2025-04-02 00:50:00+08:00,0.002,0.002003,0.002,0.002,1
2025-04-02 00:55:00+08:00,0.002,0.002003,0.001999,0.002002,1
2025-04-02 01:00:00+08:00,0.002003,0.002003,0.001998,0.001999,1
2025-04-02 01:05:00+08:00,0.001999,0.001999,0.001993,0.001995,1
2025-04-02 01:10:00+08:00,0.001994,0.002002,0.001992,0.002,1
2025-04-02 01:15:00+08:00,0.002,0.002002,0.001994,0.001994,1
2025-04-02 01:20:00+08:00,0.001994,0.001995,0.00199,0.001992,1
2025-04-02 01:25:00+08:00,0.001992,0.001996,0.001992,0.001995,1
2025-04-02 01:30:00+08:00,0.001994,0.001998,0.001994,0.001994,1
2025-04-02 01:35:00+08:00,0.001994,0.001999,0.001992,0.001999,1
2025-04-02 01:40:00+08:00,0.001999,0.002006,0.001999,0.002001,1
2025-04-02 01:45:00+08:00,0.002002,0.00201,0.002002,0.00201,1
2025-04-02 01:50:00+08:00,0.00201,0.00201,0.002002,0.002002,1
2025-04-02 01:55:00+08:00,0.002002,0.002002,0.001989,0.001991,1
2025-04-02 02:00:00+08:00,0.001992,0.001992,0.00198,0.00198,1
2025-04-02 02:05:00+08:00,0.00198,0.00198,0.001973,0.001973,1
2025-04-02 02:10:00+08:00,0.001973,0.001976,0.001972,0.001976,1
2025-04-02 02:15:00+08:00,0.001975,0.001975,0.001963,0.001963,1
2025-04-02 02:20:00+08:00,0.001964,0.001965,0.001963,0.001964,1
2025-04-02 02:25:00+08:00,0.001963,0.001971,0.001963,0.001971,1
2025-04-02 02:30:00+08:00,0.00197,0.001973,0.001967,0.001972,1
2025-04-02 02:35:00+08:00,0.001972,0.001972,0.001968,0.001968,1
2025-04-02 02:40:00+08:00,0.001966,0.001971,0.001963,0.001971,1
2025-04-02 02:45:00+08:00,0.001971,0.001971,0.001961,0.001961,1
2025-04-02 02:50:00+08:00,0.001961,0.001961,0.001958,0.00196,1
2025-04-02 02:55:00+08:00,0.001959,0.001966,0.001959,0.001965,1
2025-04-02 03:00:00+08:00,0.001966,0.001968,0.001962,0.001962,1
2025-04-02 03:05:00+08:00,0.001962,0.001965,0.001961,0.001965,1
2025-04-02 03:10:00+08:00,0.001965,0.001969,0.001965,0.001969,1
2025-04-02 03:15:00+08:00,0.001969,0.001975,0.00196,0.00196,1
2025-04-02 03:20:00+08:00,0.00196,0.001961,0.001959,0.00196,1
2025-04-02 03:25:00+08:00,0.00196,0.001965,0.001956,0.001956,1
2025-04-02 03:30:00+08:00,0.001956,0.001959,0.001954,0.001958,1
2025-04-02 03:35:00+08:00,0.001958,0.001958,0.00195,0.001955,1
2025-04-02 03:40:00+08:00,0.001958,0.001959,0.001957,0.001958,1
2025-04-02 03:45:00+08:00,0.001958,0.001962,0.001958,0.00196,1
2025-04-02 03:50:00+08:00,0.00196,0.00196,0.001956,0.001958,1
2025-04-02 03:55:00+08:00,0.001959,0.00196,0.001955,0.001956,1
2025-04-02 04:00:00+08:00,0.001956,0.001958,0.001948,0.001948,1
2025-04-02 04:05:00+08:00,0.001948,0.001949,0.001938,0.001939,1
2025-04-02 04:10:00+08:00,0.00194,0.001948,0.00194,0.001947,1
2025-04-02 04:15:00+08:00,0.001947,0.001956,0.001947,0.001949,1
2025-04-02 04:20:00+08:00,0.001949,0.001949,0.001944,0.001946,1
2025-04-02 04:25:00+08:00,0.001947,0.001947,0.001937,0.00194,1
2025-04-02 04:30:00+08:00,0.00194,0.001943,0.001933,0.001942,1
2025-04-02 04:35:00+08:00,0.001942,0.001943,0.00194,0.001942,1
2025-04-02 04:40:00+08:00,0.001942,0.001945,0.001942,0.001943,1
2025-04-02 04:45:00+08:00,0.001943,0.001946,0.001942,0.001945,1
2025-04-02 04:50:00+08:00,0.001945,0.001952,0.001945,0.001951,1
2025-04-02 04:55:00+08:00,0.001951,0.001958,0.001951,0.001956,1
2025-04-02 05:00:00+08:00,0.001957,0.001957,0.00195,0.001952,1
2025-04-02 05:05:00+08:00,0.001952,0.001958,0.001952,0.001958,1
2025-04-02 05:10:00+08:00,0.001959,0.001966,0.001959,0.001965,1
2025-04-02 05:15:00+08:00,0.001964,0.001966,0.001962,0.001966,1
2025-04-02 05:20:00+08:00,0.001965,0.001969,0.001964,0.001969,1
2025-04-02 05:25:00+08:00,0.001969,0.001969,0.001965,0.001966,1
2025-04-02 05:30:00+08:00,0.001966,0.001969,0.001965,0.001968,1
2025-04-02 05:35:00+08:00,0.001967,0.001972,0.001967,0.001972,1
2025-04-02 05:40:00+08:00,0.001974,0.001974,0.00197,0.00197,1
2025-04-02 05:45:00+08:00,0.001971,0.001973,0.001968,0.00197,1
2025-04-02 05:50:00+08:00,0.00197,0.00197,0.001967,0.001967,1
2025-04-02 05:55:00+08:00,0.001967,0.001969,0.001965,0.001966,1
2025-04-02 06:00:00+08:00,0.001966,0.001971,0.001966,0.001967,1
2025-04-02 06:05:00+08:00,0.001968,0.001975,0.001967,0.001974,1
2025-04-02 06:10:00+08:00,0.001973,0.001975,0.001969,0.00197,1
2025-04-02 06:15:00+08:00,0.00197,0.001972,0.001969,0.001972,1
2025-04-02 06:20:00+08:00,0.001973,0.001974,0.001971,0.001973,1
2025-04-02 06:25:00+08:00,0.001972,0.001973,0.001972,0.001972,1
2025-04-02 06:30:00+08:00,0.001973,0.001982,0.001972,0.001982,1
2025-04-02 06:35:00+08:00,0.001981,0.001982,0.001977,0.001977,1
2025-04-02 06:40:00+08:00,0.001977,0.001978,0.001969,0.001969,1
2025-04-02 06:45:00+08:00,0.001969,0.001969,0.001964,0.001967,1
2025-04-02 06:50:00+08:00,0.001967,0.00197,0.001966,0.001967,1
2025-04-02 06:55:00+08:00,0.001967,0.001967,0.001961,0.001961,1
2025-04-02 07:00:00+08:00,0.001962,0.001962,0.001952,0.001952,1
2025-04-02 07:05:00+08:00,0.001953,0.001953,0.001948,0.001948,1
2025-04-02 07:10:00+08:00,0.001949,0.00195,0.001946,0.001947,1
2025-04-02 07:15:00+08:00,0.001946,0.001958,0.001946,0.001957,1
2025-04-02 07:20:00+08:00,0.001958,0.001962,0.001957,0.001962,1
2025-04-02 07:25:00+08:00,0.001962,0.001966,0.001961,0.001966,1
2025-04-02 07:30:00+08:00,0.001966,0.001971,0.001966,0.001967,1
2025-04-02 07:35:00+08:00,0.001966,0.001966,0.001959,0.00196,1
2025-04-02 07:40:00+08:00,0.00196,0.001961,0.001959,0.001961,1
2025-04-02 07:45:00+08:00,0.001961,0.001961,0.001956,0.001957,1
2025-04-02 07:50:00+08:00,0.001956,0.001957,0.001956,0.001957,1
2025-04-02 07:55:00+08:00,0.001958,0.001959,0.00195,0.00195,1
2025-04-02 08:00:00+08:00,0.001949,0.00195,0.001938,0.001944,1
2025-04-02 08:05:00+08:00,0.001944,0.001949,0.001937,0.001938,1
2025-04-02 08:10:00+08:00,0.001938,0.001938,0.001926,0.001927,1
2025-04-02 08:15:00+08:00,0.001927,0.001932,0.001917,0.001918,1
2025-04-02 08:20:00+08:00,0.001918,0.001923,0.001917,0.001921,1
2025-04-02 08:25:00+08:00,0.001922,0.001924,0.001912,0.001912,1
2025-04-02 08:30:00+08:00,0.001913,0.001935,0.001912,0.001935,1
2025-04-02 08:35:00+08:00,0.001935,0.001938,0.001932,0.001933,1
2025-04-02 08:40:00+08:00,0.001933,0.001933,0.001919,0.001919,1
2025-04-02 08:45:00+08:00,0.001919,0.001926,0.001919,0.001922,1
2025-04-02 08:50:00+08:00,0.001922,0.001922,0.001911,0.001911,1
2025-04-02 08:55:00+08:00,0.001912,0.001912,0.001899,0.00191,1
2025-04-02 09:00:00+08:00,0.00191,0.00191,0.001899,0.001903,1
2025-04-02 09:05:00+08:00,0.001903,0.001905,0.001876,0.001878,1
2025-04-02 09:10:00+08:00,0.001879,0.001883,0.00187,0.001876,1
2025-04-02 09:15:00+08:00,0.001876,0.001885,0.001876,0.001883,1
2025-04-02 09:20:00+08:00,0.001883,0.001884,0.001876,0.001878,1
2025-04-02 09:25:00+08:00,0.001879,0.001888,0.001879,0.001884,1
2025-04-02 09:30:00+08:00,0.001883,0.001887,0.001872,0.001875,1
2025-04-02 09:35:00+08:00,0.001876,0.001892,0.001876,0.001886,1
2025-04-02 09:40:00+08:00,0.001886,0.001894,0.001886,0.001891,1
2025-04-02 09:45:00+08:00,0.00189,0.001891,0.001882,0.001884,1
2025-04-02 09:50:00+08:00,0.001884,0.001886,0.001882,0.001882,1
2025-04-02 09:55:00+08:00,0.001882,0.001883,0.001875,0.00188,1
2025-04-02 10:00:00+08:00,0.001879,0.001884,0.001873,0.001879,1
2025-04-02 10:05:00+08:00,0.00188,0.001881,0.001853,0.001853,1
2025-04-02 10:10:00+08:00,0.001853,0.001855,0.001841,0.001841,1
2025-04-02 10:15:00+08:00,0.001841,0.001854,0.00184,0.001849,1
2025-04-02 10:20:00+08:00,0.001849,0.00185,0.001839,0.001846,1
2025-04-02 10:25:00+08:00,0.001848,0.001862,0.001848,0.001861,1
2025-04-02 10:30:00+08:00,0.001862,0.001867,0.001855,0.001855,1
2025-04-02 10:35:00+08:00,0.001855,0.001856,0.001849,0.001854,1
2025-04-02 10:40:00+08:00,0.001853,0.001857,0.00185,0.001857,1
2025-04-02 10:45:00+08:00,0.00186,0.001865,0.001859,0.001865,1
2025-04-02 10:50:00+08:00,0.001864,0.001871,0.001864,0.001869,1
2025-04-02 10:55:00+08:00,0.001869,0.001869,0.001855,0.001855,1
2025-04-02 11:00:00+08:00,0.001855,0.001867,0.001854,0.001866,1
2025-04-02 11:05:00+08:00,0.001865,0.001873,0.001863,0.001872,1
2025-04-02 11:10:00+08:00,0.001872,0.001882,0.001872,0.001881,1
2025-04-02 11:15:00+08:00,0.001881,0.001894,0.001881,0.00189,1
2025-04-02 11:20:00+08:00,0.001887,0.001898,0.001885,0.001896,1
2025-04-02 11:25:00+08:00,0.001896,0.001898,0.001891,0.001892,1
2025-04-02 11:30:00+08:00,0.001892,0.001897,0.001886,0.001889,1
2025-04-02 11:35:00+08:00,0.001889,0.001889,0.001878,0.001881,1
2025-04-02 11:40:00+08:00,0.00188,0.001893,0.00188,0.001893,1
2025-04-02 11:45:00+08:00,0.001894,0.001898,0.001894,0.001896,1
2025-04-02 11:50:00+08:00,0.001895,0.001897,0.00189,0.00189,1
2025-04-02 11:55:00+08:00,0.00189,0.001893,0.001888,0.001889,1
2025-04-02 12:00:00+08:00,0.001889,0.001892,0.001888,0.00189,1
2025-04-02 12:05:00+08:00,0.00189,0.00189,0.001878,0.001889,1
2025-04-02 12:10:00+08:00,0.001889,0.001889,0.001881,0.001885,1
2025-04-02 12:15:00+08:00,0.001885,0.001891,0.001885,0.001891,1
2025-04-02 12:20:00+08:00,0.001891,0.001892,0.001885,0.001891,1
2025-04-02 12:25:00+08:00,0.001891,0.001891,0.001884,0.001884,1
2025-04-02 12:30:00+08:00,0.001884,0.001884,0.001873,0.001875,1
2025-04-02 12:35:00+08:00,0.001875,0.001876,0.001871,0.001873,1
2025-04-02 12:40:00+08:00,0.001873,0.001873,0.001869,0.001869,1
2025-04-02 12:45:00+08:00,0.001869,0.001877,0.001869,0.001876,1
2025-04-02 12:50:00+08:00,0.001876,0.001876,0.001868,0.00187,1
2025-04-02 12:55:00+08:00,0.001871,0.001871,0.001868,0.00187,1
2025-04-02 13:00:00+08:00,0.00187,0.001871,0.00186,0.001863,1
2025-04-02 13:05:00+08:00,0.001862,0.00187,0.001861,0.001869,1
2025-04-02 13:10:00+08:00,0.001869,0.001869,0.001861,0.001861,1
2025-04-02 13:15:00+08:00,0.001861,0.001864,0.001854,0.001864,1
2025-04-02 13:20:00+08:00,0.001864,0.001864,0.001858,0.001858,1
2025-04-02 13:25:00+08:00,0.001858,0.001858,0.001849,0.001851,1
2025-04-02 13:30:00+08:00,0.001851,0.001855,0.001837,0.001838,1
2025-04-02 13:35:00+08:00,0.001835,0.001837,0.00183,0.001836,1
2025-04-02 13:40:00+08:00,0.001836,0.001838,0.001834,0.001838,1
2025-04-02 13:45:00+08:00,0.001838,0.001843,0.001836,0.001843,1
2025-04-02 13:50:00+08:00,0.001843,0.001843,0.001827,0.001827,1
2025-04-02 13:55:00+08:00,0.001826,0.00183,0.001823,0.00183,1
2025-04-02 14:00:00+08:00,0.00183,0.001834,0.001825,0.001828,1
2025-04-02 14:05:00+08:00,0.001828,0.001839,0.001828,0.001839,1
2025-04-02 14:10:00+08:00,0.001839,0.001839,0.001836,0.001838,1
2025-04-02 14:15:00+08:00,0.001838,0.00184,0.001829,0.00183,1
2025-04-02 14:20:00+08:00,0.00183,0.001837,0.00183,0.001836,1
2025-04-02 14:25:00+08:00,0.001836,0.001842,0.001835,0.001842,1
2025-04-02 14:30:00+08:00,0.001842,0.001842,0.001833,0.001835,1
2025-04-02 14:35:00+08:00,0.001834,0.001837,0.001833,0.001836,1
2025-04-02 14:40:00+08:00,0.001836,0.001842,0.001836,0.001842,1
2025-04-02 14:45:00+08:00,0.001842,0.001842,0.001832,0.001833,1
2025-04-02 14:50:00+08:00,0.001831,0.001831,0.001827,0.00183,1
2025-04-02 14:55:00+08:00,0.00183,0.001831,0.001818,0.001818,1
2025-04-02 15:00:00+08:00,0.001818,0.001834,0.001818,0.001834,1
2025-04-02 15:05:00+08:00,0.001835,0.001839,0.001834,0.001838,1
2025-04-02 15:10:00+08:00,0.001838,0.001841,0.001838,0.001841,1
2025-04-02 15:15:00+08:00,0.001841,0.001842,0.001839,0.001841,1
2025-04-02 15:20:00+08:00,0.001841,0.001846,0.001838,0.001844,1
2025-04-02 15:25:00+08:00,0.001845,0.001846,0.001838,0.001838,1
2025-04-02 15:30:00+08:00,0.001838,0.001864,0.001834,0.001864,1
2025-04-02 15:35:00+08:00,0.001864,0.001865,0.001855,0.001855,1
2025-04-02 15:40:00+08:00,0.001855,0.001855,0.001845,0.001845,1
2025-04-02 15:45:00+08:00,0.001844,0.001851,0.001841,0.001843,1
2025-04-02 15:50:00+08:00,0.001843,0.001853,0.001842,0.001853,1
2025-04-02 15:55:00+08:00,0.001853,0.001854,0.001849,0.001853,1
2025-04-02 16:00:00+08:00,0.001853,0.001861,0.001852,0.001855,1
2025-04-02 16:05:00+08:00,0.001855,0.001855,0.00185,0.001852,1
2025-04-02 16:10:00+08:00,0.001852,0.001856,0.001852,0.001854,1
2025-04-02 16:15:00+08:00,0.001854,0.001854,0.001846,0.001851,1
2025-04-02 16:20:00+08:00,0.001851,0.001866,0.001851,0.001864,1
2025-04-02 16:25:00+08:00,0.001864,0.001877,0.001863,0.001872,1
2025-04-02 16:30:00+08:00,0.001871,0.001882,0.001871,0.001882,1
2025-04-02 16:35:00+08:00,0.001882,0.001882,0.00187,0.001872,1
2025-04-02 16:40:00+08:00,0.001873,0.001874,0.001867,0.001871,1
2025-04-02 16:45:00+08:00,0.001871,0.001877,0.001871,0.001875,1
2025-04-02 16:50:00+08:00,0.001874,0.001876,0.001872,0.001872,1
2025-04-02 16:55:00+08:00,0.001872,0.001874,0.001872,0.001874,1
2025-04-02 17:00:00+08:00,0.001874,0.001887,0.001873,0.001887,1
2025-04-02 17:05:00+08:00,0.001887,0.001895,0.001887,0.001888,1
2025-04-02 17:10:00+08:00,0.001888,0.001895,0.001887,0.001892,1
2025-04-02 17:15:00+08:00,0.001892,0.001893,0.00188,0.00188,1
2025-04-02 17:20:00+08:00,0.001881,0.001888,0.001881,0.001884,1
2025-04-02 17:25:00+08:00,0.001883,0.001887,0.001876,0.001885,1
2025-04-02 17:30:00+08:00,0.001885,0.001894,0.001885,0.001893,1
2025-04-02 17:35:00+08:00,0.001893,0.001893,0.001882,0.001883,1
2025-04-02 17:40:00+08:00,0.001883,0.001887,0.001883,0.001886,1
2025-04-02 17:45:00+08:00,0.001885,0.001888,0.00188,0.001888,1
2025-04-02 17:50:00+08:00,0.001887,0.001891,0.001884,0.001885,1
2025-04-02 17:55:00+08:00,0.001885,0.001887,0.001883,0.001886,1
2025-04-02 18:00:00+08:00,0.001887,0.001891,0.001885,0.001887,1
2025-04-02 18:05:00+08:00,0.001888,0.001895,0.001888,0.001892,1
2025-04-02 18:10:00+08:00,0.001892,0.001893,0.001883,0.001885,1
2025-04-02 18:15:00+08:00,0.001885,0.001892,0.001885,0.00189,1
2025-04-02 18:20:00+08:00,0.001891,0.001895,0.001889,0.001889,1
2025-04-02 18:25:00+08:00,0.001889,0.00189,0.001883,0.001883,1
2025-04-02 18:30:00+08:00,0.001883,0.001885,0.001875,0.001879,1
2025-04-02 18:35:00+08:00,0.001879,0.00188,0.001872,0.001877,1
2025-04-02 18:40:00+08:00,0.001877,0.001877,0.001869,0.001874,1
2025-04-02 18:45:00+08:00,0.001874,0.00188,0.001874,0.001879,1
2025-04-02 18:50:00+08:00,0.001879,0.00188,0.001867,0.001867,1
2025-04-02 18:55:00+08:00,0.001868,0.001871,0.001866,0.001871,1
2025-04-02 19:00:00+08:00,0.001871,0.001875,0.00187,0.001874,1
2025-04-02 19:05:00+08:00,0.001873,0.001875,0.001869,0.001875,1
2025-04-02 19:10:00+08:00,0.001875,0.001878,0.001872,0.001874,1
2025-04-02 19:15:00+08:00,0.001874,0.001879,0.001874,0.001878,1
2025-04-02 19:20:00+08:00,0.001878,0.001881,0.001877,0.001877,1
2025-04-02 19:25:00+08:00,0.001877,0.001877,0.001871,0.001871,1
2025-04-02 19:30:00+08:00,0.001871,0.001879,0.00187,0.001877,1
2025-04-02 19:35:00+08:00,0.001876,0.001879,0.001873,0.001873,1
2025-04-02 19:40:00+08:00,0.001873,0.001874,0.001872,0.001873,1
2025-04-02 19:45:00+08:00,0.001873,0.001875,0.001869,0.001869,1
2025-04-02 19:50:00+08:00,0.001869,0.00187,0.001867,0.001868,1
2025-04-02 19:55:00+08:00,0.001868,0.001869,0.001866,0.001867,1
2025-04-02 20:00:00+08:00,0.001867,0.001871,0.001866,0.00187,1
2025-04-02 20:05:00+08:00,0.00187,0.00187,0.001856,0.001857,1
2025-04-02 20:10:00+08:00,0.001857,0.001859,0.001855,0.001859,1
2025-04-02 20:15:00+08:00,0.001862,0.001864,0.001859,0.00186,1
2025-04-02 20:20:00+08:00,0.001859,0.001859,0.001855,0.001856,1
2025-04-02 20:25:00+08:00,0.001856,0.001857,0.001855,0.001855,1
2025-04-02 20:30:00+08:00,0.001855,0.001865,0.001855,0.001862,1
2025-04-02 20:35:00+08:00,0.001862,0.001864,0.001861,0.001864,1
2025-04-02 20:40:00+08:00,0.001864,0.001872,0.001864,0.001871,1
2025-04-02 20:45:00+08:00,0.001871,0.001871,0.001861,0.001861,1
2025-04-02 20:50:00+08:00,0.001861,0.001872,0.00186,0.001871,1
2025-04-02 20:55:00+08:00,0.001871,0.001871,0.001866,0.001869,1
2025-04-02 21:00:00+08:00,0.001868,0.001868,0.001856,0.001858,1
2025-04-02 21:05:00+08:00,0.001854,0.00186,0.00185,0.001858,1
2025-04-02 21:10:00+08:00,0.001858,0.001858,0.001851,0.001851,1
2025-04-02 21:15:00+08:00,0.001851,0.001851,0.001844,0.001848,1
2025-04-02 21:20:00+08:00,0.001848,0.001849,0.001847,0.001847,1
2025-04-02 21:25:00+08:00,0.001847,0.001847,0.00184,0.00184,1
2025-04-02 21:30:00+08:00,0.00184,0.001852,0.001834,0.001852,1
2025-04-02 21:35:00+08:00,0.001852,0.001868,0.001851,0.001862,1
2025-04-02 21:40:00+08:00,0.001862,0.001867,0.001855,0.001864,1
2025-04-02 21:45:00+08:00,0.001864,0.001887,0.001864,0.001887,1
2025-04-02 21:50:00+08:00,0.001886,0.001891,0.00188,0.001882,1
2025-04-02 21:55:00+08:00,0.001882,0.001882,0.001866,0.001866,1
2025-04-02 22:00:00+08:00,0.001864,0.001876,0.001862,0.00187,1
2025-04-02 22:05:00+08:00,0.00187,0.00187,0.001858,0.001858,1
2025-04-02 22:10:00+08:00,0.001858,0.00186,0.001844,0.001851,1
2025-04-02 22:15:00+08:00,0.001853,0.001862,0.001849,0.00186,1
2025-04-02 22:20:00+08:00,0.001859,0.00187,0.001859,0.001869,1
2025-04-02 22:25:00+08:00,0.001868,0.001868,0.001864,0.001865,1
2025-04-02 22:30:00+08:00,0.001866,0.00187,0.001859,0.00186,1
2025-04-02 22:35:00+08:00,0.001859,0.00186,0.001853,0.001854,1
2025-04-02 22:40:00+08:00,0.001854,0.001867,0.001854,0.001859,1
2025-04-02 22:45:00+08:00,0.001858,0.001863,0.001858,0.001859,1
2025-04-02 22:50:00+08:00,0.001861,0.001867,0.00186,0.001864,1
2025-04-02 22:55:00+08:00,0.001864,0.001873,0.001864,0.001871,1
2025-04-02 23:00:00+08:00,0.00187,0.001879,0.001865,0.001878,1
2025-04-02 23:05:00+08:00,0.001879,0.001897,0.001879,0.001896,1
2025-04-02 23:10:00+08:00,0.001896,0.001898,0.001884,0.001885,1
2025-04-02 23:15:00+08:00,0.001886,0.0019,0.001886,0.001893,1
2025-04-02 23:20:00+08:00,0.001893,0.001898,0.001887,0.001887,1
2025-04-02 23:25:00+08:00,0.001887,0.001899,0.001887,0.001897,1
2025-04-02 23:30:00+08:00,0.001897,0.001937,0.001897,0.00193,1
2025-04-02 23:35:00+08:00,0.001928,0.001934,0.001923,0.00193,1
2025-04-02 23:40:00+08:00,0.00193,0.001932,0.001923,0.001929,1
2025-04-02 23:45:00+08:00,0.001929,0.001936,0.001914,0.001914,1
2025-04-02 23:50:00+08:00,0.001914,0.001923,0.001906,0.001912,1
2025-04-02 23:55:00+08:00,0.001913,0.001922,0.001912,0.001917,1
2025-04-03 00:00:00+08:00,0.001918,0.001935,0.001918,0.001927,1
2025-04-03 00:05:00+08:00,0.001926,0.001933,0.00192,0.001921,1
2025-04-03 00:10:00+08:00,0.001921,0.001933,0.001921,0.001928,1
2025-04-03 00:15:00+08:00,0.001928,0.001934,0.001923,0.001924,1
2025-04-03 00:20:00+08:00,0.001924,0.00193,0.001922,0.001929,1
2025-04-03 00:25:00+08:00,0.00193,0.001931,0.001922,0.001923,1
2025-04-03 00:30:00+08:00,0.001925,0.001929,0.001918,0.001919,1
2025-04-03 00:35:00+08:00,0.001919,0.001919,0.001903,0.001912,1
2025-04-03 00:40:00+08:00,0.001912,0.001919,0.001911,0.001918,1
2025-04-03 00:45:00+08:00,0.001919,0.001921,0.001914,0.001914,1
2025-04-03 00:50:00+08:00,0.001915,0.001923,0.001913,0.001916,1
2025-04-03 00:55:00+08:00,0.001916,0.001916,0.001908,0.001909,1
2025-04-03 01:00:00+08:00,0.00191,0.001919,0.001909,0.001918,1
2025-04-03 01:05:00+08:00,0.001918,0.00192,0.00191,0.001911,1
2025-04-03 01:10:00+08:00,0.001911,0.001914,0.001907,0.00191,1
2025-04-03 01:15:00+08:00,0.001911,0.001912,0.001904,0.001906,1
2025-04-03 01:20:00+08:00,0.001907,0.001907,0.001899,0.0019,1
2025-04-03 01:25:00+08:00,0.0019,0.0019,0.001893,0.001893,1
2025-04-03 01:30:00+08:00,0.001893,0.001893,0.00188,0.001883,1
2025-04-03 01:35:00+08:00,0.001883,0.001883,0.001878,0.001878,1
2025-04-03 01:40:00+08:00,0.001878,0.001878,0.001871,0.001878,1
2025-04-03 01:45:00+08:00,0.001878,0.001878,0.001869,0.00187,1
2025-04-03 01:50:00+08:00,0.00187,0.001877,0.001866,0.001877,1
2025-04-03 01:55:00+08:00,0.001877,0.001885,0.001877,0.001884,1
2025-04-03 02:00:00+08:00,0.001884,0.001889,0.001884,0.001888,1
2025-04-03 02:05:00+08:00,0.001888,0.001888,0.001879,0.001885,1
2025-04-03 02:10:00+08:00,0.001885,0.00189,0.001884,0.001889,1
2025-04-03 02:15:00+08:00,0.001889,0.001893,0.001888,0.001891,1
2025-04-03 02:20:00+08:00,0.001891,0.001895,0.001891,0.001892,1
2025-04-03 02:25:00+08:00,0.001893,0.001894,0.001888,0.001888,1
2025-04-03 02:30:00+08:00,0.001888,0.001896,0.001888,0.001895,1
2025-04-03 02:35:00+08:00,0.001895,0.001904,0.001894,0.001903,1
2025-04-03 02:40:00+08:00,0.001903,0.001908,0.001901,0.001901,1
2025-04-03 02:45:00+08:00,0.001901,0.001904,0.001898,0.001904,1
2025-04-03 02:50:00+08:00,0.001904,0.001905,0.001899,0.001901,1
2025-04-03 02:55:00+08:00,0.0019,0.001902,0.001898,0.001902,1
2025-04-03 03:00:00+08:00,0.001902,0.001906,0.001902,0.001904,1
2025-04-03 03:05:00+08:00,0.001903,0.001905,0.001903,0.001905,1
2025-04-03 03:10:00+08:00,0.001904,0.00191,0.001902,0.001909,1
2025-04-03 03:15:00+08:00,0.001909,0.00191,0.001898,0.001899,1
2025-04-03 03:20:00+08:00,0.001899,0.001899,0.001893,0.001897,1
2025-04-03 03:25:00+08:00,0.001897,0.001902,0.001896,0.001901,1
2025-04-03 03:30:00+08:00,0.0019,0.001901,0.001897,0.001899,1
2025-04-03 03:35:00+08:00,0.001898,0.001899,0.001898,0.001898,1
2025-04-03 03:40:00+08:00,0.001898,0.001898,0.001893,0.001895,1
2025-04-03 03:45:00+08:00,0.001895,0.001904,0.001895,0.001902,1
2025-04-03 03:50:00+08:00,0.001902,0.001907,0.001898,0.001905,1
2025-04-03 03:55:00+08:00,0.001905,0.001913,0.001905,0.001908,1
2025-04-03 04:00:00+08:00,0.001908,0.001908,0.001896,0.001896,1
2025-04-03 04:05:00+08:00,0.001896,0.001898,0.001886,0.001887,1
2025-04-03 04:10:00+08:00,0.001886,0.001932,0.001869,0.001926,1
2025-04-03 04:15:00+08:00,0.001926,0.001958,0.001913,0.001957,1
2025-04-03 04:20:00+08:00,0.001956,0.001956,0.001929,0.00193,1
2025-04-03 04:25:00+08:00,0.00193,0.001943,0.001883,0.001897,1
2025-04-03 04:30:00+08:00,0.001897,0.001906,0.001886,0.001893,1
2025-04-03 04:35:00+08:00,0.001895,0.001898,0.001874,0.001881,1
2025-04-03 04:40:00+08:00,0.001881,0.001882,0.001862,0.001867,1
2025-04-03 04:45:00+08:00,0.001867,0.001887,0.001867,0.001886,1
2025-04-03 04:50:00+08:00,0.001887,0.00189,0.001877,0.00188,1
2025-04-03 04:55:00+08:00,0.001886,0.001894,0.001885,0.001891,1
2025-04-03 05:00:00+08:00,0.001891,0.001891,0.001872,0.001873,1
2025-04-03 05:05:00+08:00,0.001871,0.001871,0.001853,0.001853,1
2025-04-03 05:10:00+08:00,0.001853,0.001854,0.001846,0.00185,1
2025-04-03 05:15:00+08:00,0.001848,0.001856,0.001845,0.001847,1
2025-04-03 05:20:00+08:00,0.001847,0.00185,0.001838,0.001847,1
2025-04-03 05:25:00+08:00,0.001847,0.001847,0.001838,0.001847,1
2025-04-03 05:30:00+08:00,0.001846,0.001849,0.001844,0.001846,1
2025-04-03 05:35:00+08:00,0.001846,0.001855,0.001846,0.001855,1
2025-04-03 05:40:00+08:00,0.001854,0.001856,0.001854,0.001856,1
2025-04-03 05:45:00+08:00,0.001856,0.001856,0.001853,0.001853,1
2025-04-03 05:50:00+08:00,0.001853,0.001856,0.001853,0.001856,1
2025-04-03 05:55:00+08:00,0.001856,0.001856,0.001845,0.001852,1
2025-04-03 06:00:00+08:00,0.001852,0.001852,0.00183,0.001831,1
2025-04-03 06:05:00+08:00,0.00183,0.00183,0.001815,0.001815,1
2025-04-03 06:10:00+08:00,0.001815,0.001815,0.001781,0.001785,1
2025-04-03 06:15:00+08:00,0.001783,0.001783,0.001758,0.001767,1
2025-04-03 06:20:00+08:00,0.001771,0.001775,0.001761,0.001774,1
2025-04-03 06:25:00+08:00,0.001773,0.001776,0.001757,0.001757,1
2025-04-03 06:30:00+08:00,0.001756,0.001766,0.001742,0.001742,1
2025-04-03 06:35:00+08:00,0.001742,0.001749,0.001738,0.001739,1
2025-04-03 06:40:00+08:00,0.00174,0.001742,0.001709,0.001709,1
2025-04-03 06:45:00+08:00,0.001709,0.001737,0.001708,0.001737,1
2025-04-03 06:50:00+08:00,0.001738,0.00174,0.001727,0.001736,1
2025-04-03 06:55:00+08:00,0.001734,0.001734,0.001716,0.001721,1
2025-04-03 07:00:00+08:00,0.00172,0.001724,0.001707,0.00172,1
2025-04-03 07:05:00+08:00,0.00172,0.001732,0.001716,0.001721,1
2025-04-03 07:10:00+08:00,0.001721,0.001729,0.00172,0.001729,1
2025-04-03 07:15:00+08:00,0.001729,0.001729,0.001708,0.00172,1
2025-04-03 07:20:00+08:00,0.00172,0.001729,0.00172,0.001728,1
2025-04-03 07:25:00+08:00,0.001728,0.001738,0.001728,0.001738,1
2025-04-03 07:30:00+08:00,0.001737,0.001745,0.001735,0.001742,1
2025-04-03 07:35:00+08:00,0.001742,0.001747,0.001738,0.001747,1
2025-04-03 07:40:00+08:00,0.001747,0.001754,0.001747,0.001754,1
2025-04-03 07:45:00+08:00,0.001754,0.001755,0.001747,0.001751,1
2025-04-03 07:50:00+08:00,0.00175,0.001755,0.001745,0.001754,1
2025-04-03 07:55:00+08:00,0.001756,0.001758,0.001746,0.001746,1
2025-04-03 08:00:00+08:00,0.001747,0.001754,0.001744,0.001744,1
2025-04-03 08:05:00+08:00,0.001744,0.001765,0.001743,0.001764,1
2025-04-03 08:10:00+08:00,0.001764,0.001766,0.001759,0.00176,1
2025-04-03 08:15:00+08:00,0.00176,0.001772,0.001759,0.001772,1
2025-04-03 08:20:00+08:00,0.001772,0.001779,0.001769,0.001776,1
2025-04-03 08:25:00+08:00,0.001776,0.00178,0.001764,0.001768,1
2025-04-03 08:30:00+08:00,0.001769,0.001783,0.001769,0.001783,1
2025-04-03 08:35:00+08:00,0.001783,0.001794,0.001782,0.001794,1
2025-04-03 08:40:00+08:00,0.001791,0.001795,0.001788,0.001791,1
2025-04-03 08:45:00+08:00,0.001791,0.001794,0.001783,0.001788,1
2025-04-03 08:50:00+08:00,0.001788,0.001789,0.001784,0.001784,1
2025-04-03 08:55:00+08:00,0.001784,0.001795,0.001784,0.001794,1
2025-04-03 09:00:00+08:00,0.001795,0.001804,0.001795,0.001802,1
2025-04-03 09:05:00+08:00,0.001802,0.001807,0.001794,0.001807,1
2025-04-03 09:10:00+08:00,0.001807,0.001812,0.001807,0.00181,1
2025-04-03 09:15:00+08:00,0.00181,0.001811,0.001804,0.001805,1
2025-04-03 09:20:00+08:00,0.001805,0.001805,0.001796,0.001803,1
2025-04-03 09:25:00+08:00,0.001803,0.001803,0.0018,0.001803,1
2025-04-03 09:30:00+08:00,0.001803,0.001811,0.001803,0.001807,1
2025-04-03 09:35:00+08:00,0.001806,0.001807,0.001801,0.001803,1
2025-04-03 09:40:00+08:00,0.001804,0.001806,0.001804,0.001805,1
2025-04-03 09:45:00+08:00,0.001805,0.001812,0.001805,0.001807,1
2025-04-03 09:50:00+08:00,0.001806,0.001813,0.001806,0.001808,1
2025-04-03 09:55:00+08:00,0.001807,0.001807,0.0018,0.001802,1
2025-04-03 10:00:00+08:00,0.001802,0.001811,0.001802,0.001809,1
2025-04-03 10:05:00+08:00,0.00181,0.001811,0.001808,0.001809,1
2025-04-03 10:10:00+08:00,0.001809,0.001813,0.001809,0.00181,1
2025-04-03 10:15:00+08:00,0.00181,0.001811,0.001801,0.001802,1
2025-04-03 10:20:00+08:00,0.001802,0.00181,0.001801,0.001809,1
2025-04-03 10:25:00+08:00,0.00181,0.001816,0.001809,0.001816,1
2025-04-03 10:30:00+08:00,0.001815,0.00182,0.001814,0.001819,1
2025-04-03 10:35:00+08:00,0.00182,0.001824,0.001819,0.001824,1
2025-04-03 10:40:00+08:00,0.001824,0.001831,0.00182,0.00182,1
2025-04-03 10:45:00+08:00,0.00182,0.001822,0.001817,0.001821,1
2025-04-03 10:50:00+08:00,0.001821,0.001822,0.001818,0.001822,1
2025-04-03 10:55:00+08:00,0.001822,0.001827,0.001822,0.001824,1
2025-04-03 11:00:00+08:00,0.001824,0.001825,0.001819,0.001819,1
2025-04-03 11:05:00+08:00,0.00182,0.00182,0.001817,0.001818,1
2025-04-03 11:10:00+08:00,0.001818,0.001819,0.001813,0.001813,1
2025-04-03 11:15:00+08:00,0.001813,0.00182,0.001813,0.00182,1
2025-04-03 11:20:00+08:00,0.00182,0.001822,0.001819,0.001819,1
2025-04-03 11:25:00+08:00,0.001819,0.001819,0.001818,0.001819,1
2025-04-03 11:30:00+08:00,0.001819,0.001824,0.001818,0.001823,1
2025-04-03 11:35:00+08:00,0.001822,0.001822,0.001813,0.001813,1
2025-04-03 11:40:00+08:00,0.001813,0.001814,0.00181,0.00181,1
2025-04-03 11:45:00+08:00,0.001809,0.001811,0.001809,0.00181,1
2025-04-03 11:50:00+08:00,0.00181,0.00181,0.001808,0.001809,1
2025-04-03 11:55:00+08:00,0.00181,0.001812,0.001809,0.001809,1
2025-04-03 12:00:00+08:00,0.00181,0.001817,0.001809,0.001813,1
2025-04-03 12:05:00+08:00,0.001813,0.001817,0.001811,0.001817,1
2025-04-03 12:10:00+08:00,0.001817,0.001819,0.001808,0.001808,1
2025-04-03 12:15:00+08:00,0.001808,0.001808,0.001803,0.001805,1
2025-04-03 12:20:00+08:00,0.001805,0.001809,0.001805,0.001807,1
2025-04-03 12:25:00+08:00,0.001807,0.001808,0.001804,0.001806,1
2025-04-03 12:30:00+08:00,0.001805,0.001816,0.001805,0.001816,1
2025-04-03 12:35:00+08:00,0.001818,0.001822,0.001816,0.001821,1
2025-04-03 12:40:00+08:00,0.00182,0.001827,0.001818,0.001827,1
2025-04-03 12:45:00+08:00,0.001829,0.00183,0.001823,0.001823,1
2025-04-03 12:50:00+08:00,0.001824,0.001824,0.001823,0.001823,1
2025-04-03 12:55:00+08:00,0.001823,0.001823,0.001819,0.00182,1
2025-04-03 13:00:00+08:00,0.00182,0.001821,0.001816,0.001819,1
2025-04-03 13:05:00+08:00,0.001819,0.001821,0.001814,0.001815,1
2025-04-03 13:10:00+08:00,0.001814,0.001816,0.001811,0.001812,1
2025-04-03 13:15:00+08:00,0.001812,0.001812,0.00181,0.001811,1
2025-04-03 13:20:00+08:00,0.001811,0.001812,0.001811,0.001811,1
2025-04-03 13:25:00+08:00,0.001811,0.001813,0.001811,0.001812,1
2025-04-03 13:30:00+08:00,0.001812,0.001813,0.001811,0.001812,1
2025-04-03 13:35:00+08:00,0.001812,0.001814,0.001812,0.001813,1
2025-04-03 13:40:00+08:00,0.001814,0.001814,0.001806,0.001806,1
2025-04-03 13:45:00+08:00,0.001805,0.001809,0.001804,0.001806,1
2025-04-03 13:50:00+08:00,0.001806,0.001807,0.0018,0.001802,1
2025-04-03 13:55:00+08:00,0.001803,0.001808,0.001802,0.001806,1
2025-04-03 14:00:00+08:00,0.001807,0.001811,0.001805,0.00181,1
2025-04-03 14:05:00+08:00,0.00181,0.001811,0.001809,0.001811,1
2025-04-03 14:10:00+08:00,0.001811,0.001811,0.001808,0.001811,1
2025-04-03 14:15:00+08:00,0.001811,0.001813,0.001809,0.001812,1
2025-04-03 14:20:00+08:00,0.001812,0.001817,0.001811,0.001815,1
2025-04-03 14:25:00+08:00,0.001815,0.001815,0.001812,0.001814,1
2025-04-03 14:30:00+08:00,0.001811,0.001812,0.001804,0.001805,1
2025-04-03 14:35:00+08:00,0.001805,0.001806,0.001803,0.001803,1
2025-04-03 14:40:00+08:00,0.001803,0.001804,0.001801,0.001802,1
2025-04-03 14:45:00+08:00,0.001802,0.001804,0.001799,0.001804,1
2025-04-03 14:50:00+08:00,0.001804,0.001804,0.001797,0.001797,1
2025-04-03 14:55:00+08:00,0.001796,0.001796,0.001785,0.001786,1
2025-04-03 15:00:00+08:00,0.001786,0.001793,0.001786,0.001793,1
2025-04-03 15:05:00+08:00,0.001792,0.001793,0.001788,0.001789,1
2025-04-03 15:10:00+08:00,0.001789,0.00179,0.001779,0.001782,1
2025-04-03 15:15:00+08:00,0.001782,0.001784,0.001773,0.001776,1
2025-04-03 15:20:00+08:00,0.001776,0.001783,0.001771,0.001782,1
2025-04-03 15:25:00+08:00,0.001782,0.00179,0.001782,0.001785,1
2025-04-03 15:30:00+08:00,0.001785,0.001785,0.001778,0.001779,1
2025-04-03 15:35:00+08:00,0.001779,0.001779,0.001766,0.001766,1
2025-04-03 15:40:00+08:00,0.001767,0.001768,0.001763,0.001766,1
2025-04-03 15:45:00+08:00,0.001765,0.00177,0.001764,0.001768,1
2025-04-03 15:50:00+08:00,0.001768,0.00177,0.001759,0.00177,1
2025-04-03 15:55:00+08:00,0.001771,0.001778,0.001771,0.001774,1
2025-04-03 16:00:00+08:00,0.001774,0.001782,0.001774,0.00178,1
2025-04-03 16:05:00+08:00,0.00178,0.00178,0.001772,0.001775,1
2025-04-03 16:10:00+08:00,0.001775,0.001776,0.001772,0.001775,1
2025-04-03 16:15:00+08:00,0.001775,0.001785,0.001772,0.001783,1
2025-04-03 16:20:00+08:00,0.001783,0.001783,0.001778,0.00178,1
2025-04-03 16:25:00+08:00,0.00178,0.00178,0.001769,0.001769,1
2025-04-03 16:30:00+08:00,0.001769,0.001776,0.001769,0.001769,1
2025-04-03 16:35:00+08:00,0.00177,0.00178,0.001769,0.001779,1
2025-04-03 16:40:00+08:00,0.001779,0.00178,0.00177,0.001774,1
2025-04-03 16:45:00+08:00,0.001773,0.001777,0.001772,0.001776,1
2025-04-03 16:50:00+08:00,0.001776,0.001776,0.00177,0.00177,1
2025-04-03 16:55:00+08:00,0.00177,0.001774,0.001769,0.001773,1
2025-04-03 17:00:00+08:00,0.001773,0.001773,0.001768,0.001769,1
2025-04-03 17:05:00+08:00,0.00177,0.00177,0.001763,0.001769,1
2025-04-03 17:10:00+08:00,0.001769,0.001769,0.001759,0.00176,1
2025-04-03 17:15:00+08:00,0.00176,0.001766,0.00176,0.001764,1
2025-04-03 17:20:00+08:00,0.001764,0.001765,0.001762,0.001765,1
2025-04-03 17:25:00+08:00,0.001765,0.001766,0.001762,0.001763,1
2025-04-03 17:30:00+08:00,0.001763,0.001768,0.001753,0.001756,1
2025-04-03 17:35:00+08:00,0.001756,0.001761,0.001755,0.001761,1
2025-04-03 17:40:00+08:00,0.001761,0.001763,0.001757,0.001761,1
2025-04-03 17:45:00+08:00,0.001761,0.001761,0.001748,0.001748,1
2025-04-03 17:50:00+08:00,0.001748,0.001749,0.001747,0.001749,1
2025-04-03 17:55:00+08:00,0.001751,0.001751,0.001747,0.001748,1
2025-04-03 18:00:00+08:00,0.001748,0.001753,0.001747,0.001753,1
2025-04-03 18:05:00+08:00,0.001752,0.001752,0.001746,0.001749,1
2025-04-03 18:10:00+08:00,0.001749,0.001754,0.001747,0.001751,1
2025-04-03 18:15:00+08:00,0.001751,0.001752,0.001749,0.00175,1
2025-04-03 18:20:00+08:00,0.001751,0.001751,0.001738,0.00174,1
2025-04-03 18:25:00+08:00,0.001741,0.001741,0.001729,0.00173,1
2025-04-03 18:30:00+08:00,0.001729,0.001735,0.001726,0.001733,1
2025-04-03 18:35:00+08:00,0.001733,0.001734,0.001724,0.001724,1
2025-04-03 18:40:00+08:00,0.001723,0.001723,0.001711,0.001716,1
2025-04-03 18:45:00+08:00,0.001717,0.001726,0.001717,0.001724,1
2025-04-03 18:50:00+08:00,0.001723,0.001724,0.001716,0.001716,1
2025-04-03 18:55:00+08:00,0.001716,0.001718,0.001708,0.001708,1
2025-04-03 19:00:00+08:00,0.001707,0.001708,0.001693,0.001693,1
2025-04-03 19:05:00+08:00,0.001693,0.001702,0.001693,0.001701,1
2025-04-03 19:10:00+08:00,0.001702,0.001715,0.001701,0.001715,1
2025-04-03 19:15:00+08:00,0.001715,0.00172,0.001706,0.001706,1
2025-04-03 19:20:00+08:00,0.001705,0.001705,0.001698,0.001704,1
2025-04-03 19:25:00+08:00,0.001703,0.001712,0.001703,0.001711,1
2025-04-03 19:30:00+08:00,0.001711,0.001714,0.001702,0.001714,1
2025-04-03 19:35:00+08:00,0.001714,0.001721,0.001714,0.001721,1
2025-04-03 19:40:00+08:00,0.001721,0.001721,0.001717,0.001719,1
2025-04-03 19:45:00+08:00,0.001719,0.001721,0.001715,0.001717,1
2025-04-03 19:50:00+08:00,0.001717,0.001719,0.001715,0.001718,1
2025-04-03 19:55:00+08:00,0.001718,0.001723,0.001718,0.00172,1
2025-04-03 20:00:00+08:00,0.001721,0.001726,0.001714,0.001717,1
2025-04-03 20:05:00+08:00,0.001717,0.001719,0.001714,0.001716,1
2025-04-03 20:10:00+08:00,0.001717,0.001721,0.001714,0.001718,1
2025-04-03 20:15:00+08:00,0.001717,0.001719,0.001715,0.001719,1
2025-04-03 20:20:00+08:00,0.001719,0.00172,0.001715,0.001715,1
2025-04-03 20:25:00+08:00,0.001715,0.001716,0.001702,0.001703,1
2025-04-03 20:30:00+08:00,0.001703,0.00171,0.001701,0.00171,1
2025-04-03 20:35:00+08:00,0.001711,0.001712,0.001697,0.001698,1
2025-04-03 20:40:00+08:00,0.0017,0.001707,0.001684,0.001691,1
2025-04-03 20:45:00+08:00,0.00169,0.00169,0.001662,0.001669,1
2025-04-03 20:50:00+08:00,0.001669,0.001675,0.001663,0.001671,1
2025-04-03 20:55:00+08:00,0.001671,0.001671,0.001655,0.00166,1
2025-04-03 21:00:00+08:00,0.00166,0.001671,0.001659,0.001671,1
2025-04-03 21:05:00+08:00,0.001671,0.001676,0.00167,0.001676,1
2025-04-03 21:10:00+08:00,0.001677,0.00168,0.001669,0.00167,1
2025-04-03 21:15:00+08:00,0.001669,0.001677,0.001667,0.001674,1
2025-04-03 21:20:00+08:00,0.001673,0.001673,0.001659,0.001661,1
2025-04-03 21:25:00+08:00,0.00166,0.001662,0.001646,0.001653,1
2025-04-03 21:30:00+08:00,0.001653,0.001684,0.001653,0.00168,1
2025-04-03 21:35:00+08:00,0.001681,0.001685,0.001669,0.001685,1
2025-04-03 21:40:00+08:00,0.001685,0.001685,0.001673,0.001674,1
2025-04-03 21:45:00+08:00,0.001675,0.00168,0.001675,0.001676,0
